t,PacPV,Pbat,PacGrid,PacHome,IBat,TBat,VBat,SoC,SoH,FreqIn,FreqOut,nCicli
2025-08-27 00:00:00,0.0,-412.676,-6468.6,10443.0,1.2,37.1,49.86,24.0,99.0,0.0,0.0,525.0
2025-08-27 00:01:00,0.0,690.6,545.439,2442.77,18.6,37.1,50.43,24.0,99.0,0.0,0.0,525.0
2025-08-27 00:02:00,10.7586,486.48,2390.29,0.0,4.3,37.1,50.65,24.0,99.0,0.0,0.0,525.0
2025-08-27 00:03:00,20.9825,141.66,2264.75,0.0,-2.2,37.1,50.69,24.0,99.0,0.0,0.0,525.0
2025-08-27 00:04:00,0.0,312.655,2067.4,0.0,12.1,37.1,51.44,24.0,99.0,0.0,0.0,525.0
2025-08-27 00:05:00,0.0,349.341,2640.59,0.0,4.4,37.1,52.38,24.0,99.0,0.0,0.0,525.0
2025-08-27 00:06:00,15.5088,150.672,2715.79,0.0,1.7,37.1,53.06,24.0,99.0,0.0,0.0,525.0
2025-08-27 00:07:00,16.1379,-88.0492,2430.48,12.3448,-3.5,37.1,52.35,25.0,99.0,0.0,0.0,525.0
2025-08-27 00:08:00,0.0,-573.259,-3802.86,9485.77,-2.9,37.1,50.81,25.0,99.0,0.0,0.0,525.0
2025-08-27 00:09:00,0.0,-420.419,-6427.31,11090.6,-11.3,37.0,50.27,25.0,99.0,0.0,0.0,525.0
2025-08-27 00:10:00,8.66667,-437.687,-6441.6,10851.6,-5.4,37.0,49.83,24.0,99.0,0.0,0.0,525.0
2025-08-27 00:11:00,22.8621,650.672,455.931,2401.59,11.1,37.0,50.88,24.0,99.0,0.0,0.0,525.0
2025-08-27 00:12:00,0.0,521.733,2351.26,0.0,6.8,37.0,51.77,24.0,99.0,0.0,0.0,525.0
2025-08-27 00:13:00,0.0,251.031,2376.69,0.0,3.2,37.0,52.68,24.0,99.0,0.0,0.0,525.0
2025-08-27 00:14:00,2.73684,70.2292,2479.07,8.19298,-3.4,37.0,52.8,25.0,99.0,0.0,0.0,525.0
2025-08-27 00:15:00,26.0,-132.787,1868.07,1.62069,-1.5,37.0,52.05,27.0,99.0,0.0,0.0,525.0
2025-08-27 00:16:00,2.73684,-587.709,-4457.16,10441.7,2.3,37.0,50.72,27.0,99.0,0.0,0.0,525.0
2025-08-27 00:17:00,0.0,-447.825,-6334.6,11038.8,-14.4,37.0,50.1,27.0,99.0,0.0,0.0,525.0
2025-08-27 00:18:00,0.0,-437.161,-6357.21,10694.5,-7.4,37.0,49.9,26.0,99.0,0.0,0.0,525.0
2025-08-27 00:19:00,21.9655,610.962,-137.552,2982.81,18.9,37.0,50.76,26.0,99.0,0.0,0.0,525.0
2025-08-27 00:20:00,10.0351,571.995,2429.23,0.0,8.0,37.0,51.56,26.0,99.0,0.0,0.0,525.0
2025-08-27 00:21:00,0.0,296.827,2584.17,0.0,4.0,37.0,52.5,26.0,99.0,0.0,0.0,525.0
2025-08-27 00:22:00,0.0,13.8947,2432.37,0.0,-1.3,37.0,52.29,26.0,99.0,0.0,0.0,525.0
2025-08-27 00:23:00,15.6897,-86.7849,2145.72,0.0,-1.9,37.0,51.81,26.0,99.0,0.0,0.0,525.0
2025-08-27 00:24:00,15.9649,-416.135,-1218.23,5906.49,-15.2,37.0,50.68,26.0,99.0,0.0,0.0,525.0
2025-08-27 00:25:00,0.0,-360.349,-6414.36,10685.1,10.4,37.0,50.48,26.0,99.0,0.0,0.0,525.0
2025-08-27 00:26:00,0.0,-461.461,-6457.09,11208.1,-17.8,37.0,49.81,26.0,99.0,0.0,0.0,525.0
2025-08-27 00:27:00,19.2759,-49.7732,-2359.28,5405.59,3.9,37.0,50.03,26.0,99.0,0.0,0.0,525.0
2025-08-27 00:28:00,11.8596,-16.2767,1694.72,0.0,-3.6,37.0,50.04,26.0,99.0,0.0,0.0,525.0
2025-08-27 00:29:00,0.0,20.0957,1811.1,0.0,1.2,37.0,49.99,26.0,99.0,0.0,0.0,525.0
2025-08-27 00:30:00,0.0,81.9303,1859.56,0.0,5.4,36.9,50.17,26.0,99.0,0.0,0.0,525.0
2025-08-27 00:31:00,13.0,212.339,2213.29,0.0,-1.0,36.9,50.33,26.0,99.0,0.0,0.0,525.0
2025-08-27 00:32:00,18.7018,-71.1248,831.93,1880.0,2.4,36.9,50.11,25.0,99.0,0.0,0.0,525.0
2025-08-27 00:33:00,0.0,-694.841,-6425.19,12100.8,-13.9,36.9,49.6,25.0,99.0,0.0,0.0,525.0
2025-08-27 00:34:00,0.0,-419.485,-6409.68,10129.9,-21.1,36.9,49.54,25.0,99.0,0.0,0.0,525.0
2025-08-27 00:35:00,5.82759,6.29712,-499.069,3436.36,4.0,36.9,49.92,25.0,99.0,0.0,0.0,525.0
2025-08-27 00:36:00,26.0,271.93,2210.4,0.0,3.7,36.9,50.01,25.0,99.0,0.0,0.0,525.0
2025-08-27 00:37:00,0.0,18.0654,2030.45,0.0,8.4,36.9,50.02,25.0,99.0,0.0,0.0,525.0
2025-08-27 00:38:00,0.0,117.7,2160.67,0.0,0.8,36.9,50.03,25.0,99.0,0.0,0.0,525.0
2025-08-27 00:39:00,0.0,133.109,2185.52,0.0,-2.2,36.9,50.09,25.0,99.0,0.0,0.0,525.0
2025-08-27 00:40:00,25.0877,0.232412,2062.63,0.0,-0.9,36.9,49.93,25.0,99.0,0.0,0.0,525.0
2025-08-27 00:41:00,6.72414,-483.294,-3598.12,7430.36,-0.4,36.9,49.69,24.0,99.0,0.0,0.0,525.0
2025-08-27 00:42:00,0.0,-515.913,-6535.14,10323.8,-1.2,36.9,49.69,24.0,99.0,0.0,0.0,525.0
2025-08-27 00:43:00,0.0,-652.283,-6580.29,11228.3,-15.0,36.9,49.47,24.0,99.0,0.0,0.0,525.0
2025-08-27 00:44:00,18.7018,40.7416,1119.4,763.421,-1.8,36.9,49.77,24.0,99.0,0.0,0.0,525.0
2025-08-27 00:45:00,13.0,-137.769,1619.69,0.0,-3.3,36.9,49.76,24.0,99.0,0.0,0.0,525.0
2025-08-27 00:46:00,0.0,-191.458,1406.11,0.0,-4.5,36.9,49.78,24.0,99.0,0.0,0.0,525.0
2025-08-27 00:47:00,0.0,26.7346,1976.72,0.0,-2.4,36.9,49.88,24.0,99.0,0.0,0.0,525.0
2025-08-27 00:48:00,11.8596,-99.1565,1924.35,0.0,-2.9,36.9,49.79,24.0,99.0,0.0,0.0,525.0
2025-08-27 00:49:00,19.7241,-547.589,-4070.74,7925.16,-12.4,36.9,49.56,23.0,99.0,0.0,0.0,525.0
2025-08-27 00:50:00,0.0,-668.232,-6456.0,10620.9,-15.3,36.9,49.51,23.0,99.0,0.0,0.0,525.0
2025-08-27 00:51:00,0.0,-634.736,-6528.05,10473.3,-7.0,36.9,49.64,23.0,99.0,0.0,0.0,525.0
2025-08-27 00:52:00,4.5614,221.914,955.754,1186.65,5.7,36.9,49.91,23.0,99.0,0.0,0.0,525.0
2025-08-27 00:53:00,26.0,98.7959,2239.95,0.0,0.6,36.9,49.96,23.0,99.0,0.0,0.0,525.0
2025-08-27 00:54:00,0.912281,71.9041,2182.3,0.0,4.2,36.9,49.91,23.0,99.0,0.0,0.0,525.0
2025-08-27 00:55:00,0.0,91.6241,2236.4,0.0,0.9,36.9,49.89,23.0,99.0,0.0,0.0,525.0
2025-08-27 00:56:00,0.0,75.5831,2153.88,0.0,3.2,36.9,49.94,23.0,99.0,0.0,0.0,525.0
2025-08-27 00:57:00,23.7586,80.5473,2213.67,0.0,2.7,36.9,50.01,23.0,99.0,0.0,0.0,525.0
2025-08-27 00:58:00,7.29825,-85.2725,786.123,1957.61,-13.2,36.9,49.64,22.0,99.0,0.0,0.0,525.0
2025-08-27 00:59:00,0.0,-882.667,-6403.38,12384.0,-18.3,36.9,49.5,22.0,99.0,0.0,0.0,525.0
2025-08-27 01:00:00,0.0,-610.498,-6543.63,10448.6,-8.5,36.9,49.47,22.0,99.0,0.0,0.0,525.0
2025-08-27 01:01:00,17.4828,-414.826,-4230.17,7186.0,-5.3,36.9,49.76,22.0,99.0,0.0,0.0,525.0
2025-08-27 01:02:00,14.1404,79.1912,1849.72,0.0,17.8,36.9,50.06,21.0,99.0,0.0,0.0,525.0
2025-08-27 01:03:00,0.0,834.177,2345.78,0.0,15.7,36.9,50.23,21.0,99.0,0.0,0.0,525.0
2025-08-27 01:04:00,0.0,783.479,2487.66,0.0,15.7,36.9,50.28,21.0,99.0,0.0,0.0,525.0
2025-08-27 01:05:00,10.9474,793.866,2441.42,0.0,15.8,36.9,50.37,21.0,99.0,0.0,0.0,525.0
2025-08-27 01:06:00,20.6207,802.835,2461.16,0.0,15.9,36.9,50.49,21.0,99.0,0.0,0.0,525.0
2025-08-27 01:07:00,0.0,66.5253,-5235.11,5142.33,0.9,36.9,50.09,21.0,99.0,0.0,0.0,525.0
2025-08-27 01:08:00,0.0,94.9541,-5664.59,4996.29,0.5,36.9,50.06,21.0,99.0,0.0,0.0,525.0
2025-08-27 01:09:00,4.5614,125.98,-5174.46,4444.49,8.9,36.9,50.18,21.0,99.0,0.0,0.0,525.0
2025-08-27 01:10:00,26.0,689.955,2557.84,0.0,14.9,36.9,50.51,21.0,99.0,0.0,0.0,525.0
2025-08-27 01:11:00,0.912281,757.424,2596.65,0.0,14.5,36.9,50.65,21.0,99.0,0.0,0.0,525.0
2025-08-27 01:12:00,0.0,713.526,2686.83,0.0,13.2,36.9,50.74,21.0,99.0,0.0,0.0,525.0
2025-08-27 01:13:00,0.0,592.525,2607.89,0.0,9.6,36.9,51.03,21.0,99.0,0.0,0.0,525.0
2025-08-27 01:14:00,24.2069,420.114,2579.43,0.0,7.6,36.9,51.54,21.0,99.0,0.0,0.0,525.0
2025-08-27 01:15:00,7.29825,179.156,2564.18,0.0,4.2,36.9,51.95,21.0,99.0,0.0,0.0,525.0
2025-08-27 01:16:00,0.0,147.137,-934.293,2173.4,-0.5,36.9,52.27,21.0,99.0,0.0,0.0,525.0
2025-08-27 01:17:00,0.0,-6.0486,-5857.07,5753.49,0.0,36.9,52.19,22.0,99.0,0.0,0.0,525.0
2025-08-27 01:18:00,17.4828,62.3332,-6006.09,4936.33,0.0,36.9,52.44,22.0,99.0,0.0,0.0,525.0
2025-08-27 01:19:00,13.6842,105.147,-476.368,1568.68,1.3,36.9,53.1,23.0,99.0,0.0,0.0,525.0
2025-08-27 01:20:00,0.0,46.8795,2592.62,0.0,0.5,36.9,53.31,24.0,99.0,0.0,0.0,525.0
2025-08-27 01:21:00,0.0,-108.599,1950.61,23.9298,-4.3,36.8,52.37,26.0,99.0,0.0,0.0,525.0
2025-08-27 01:22:00,12.1034,-128.842,1620.53,6.05172,-2.6,36.8,51.85,27.0,99.0,0.0,0.0,525.0
2025-08-27 01:23:00,20.1724,-140.671,1423.26,22.7586,-1.6,36.8,51.48,27.0,99.0,0.0,0.0,525.0
2025-08-27 01:24:00,0.0,-386.198,378.526,3208.47,-29.7,36.8,50.44,27.0,99.0,0.0,0.0,525.0
2025-08-27 01:25:00,0.0,-619.673,-6556.53,12820.6,-18.5,36.8,49.92,27.0,99.0,0.0,0.0,525.0
2025-08-27 01:26:00,5.47368,-292.651,-6503.18,9938.39,-19.2,36.8,49.76,27.0,99.0,0.0,0.0,525.0
2025-08-27 01:27:00,26.0,-207.301,-4041.98,7226.05,9.7,36.8,49.97,26.0,99.0,0.0,0.0,525.0
2025-08-27 01:28:00,0.45614,57.6089,1840.23,0.0,8.0,36.8,49.99,26.0,99.0,0.0,0.0,525.0
2025-08-27 01:29:00,0.0,53.049,2020.02,0.0,-2.2,36.8,49.95,26.0,99.0,0.0,0.0,525.0
2025-08-27 01:30:00,0.0,43.7013,1967.63,0.0,-1.4,36.8,49.97,26.0,99.0,0.0,0.0,525.0
2025-08-27 01:31:00,24.2069,56.2177,2095.76,0.0,1.4,36.8,50.02,26.0,99.0,0.0,0.0,525.0
2025-08-27 01:32:00,7.29825,36.6678,2005.02,0.0,-0.4,36.8,50.0,26.0,99.0,0.0,0.0,525.0
2025-08-27 01:33:00,0.0,-13.3365,1903.62,0.0,-2.6,36.8,50.03,26.0,99.0,0.0,0.0,525.0
2025-08-27 01:34:00,0.0,-574.013,-3249.14,8129.19,-35.3,36.8,49.46,26.0,99.0,0.0,0.0,525.0
2025-08-27 01:35:00,18.3793,-592.872,-6649.31,10572.1,-2.5,36.8,49.68,26.0,99.0,0.0,0.0,525.0
2025-08-27 01:36:00,14.1404,-737.743,-6411.63,11432.0,-12.1,36.8,49.56,25.0,99.0,0.0,0.0,525.0
2025-08-27 01:37:00,0.0,115.243,835.155,1027.95,-4.0,36.8,49.75,25.0,99.0,0.0,0.0,525.0
2025-08-27 01:38:00,0.0,32.5515,2048.88,0.0,0.4,36.8,49.78,25.0,99.0,0.0,0.0,525.0
2025-08-27 01:39:00,11.6552,74.6036,2251.1,0.0,-0.5,36.8,49.86,25.0,99.0,0.0,0.0,525.0
2025-08-27 01:40:00,20.0702,112.228,2287.39,0.0,-1.8,36.8,49.96,25.0,99.0,0.0,0.0,525.0
2025-08-27 01:41:00,0.0,303.965,2336.5,0.0,2.1,36.8,50.05,25.0,99.0,0.0,0.0,525.0
2025-08-27 01:42:00,0.0,-458.667,-2520.42,7006.72,-17.3,36.8,49.6,25.0,99.0,0.0,0.0,525.0
2025-08-27 01:43:00,5.82759,-756.083,-6491.83,11336.3,-8.9,36.8,49.59,25.0,99.0,0.0,0.0,525.0
2025-08-27 01:44:00,26.0,-794.339,-6414.12,11676.7,-10.7,36.8,49.57,24.0,99.0,0.0,0.0,525.0
2025-08-27 01:45:00,0.0,-63.3892,-967.241,4051.14,-4.4,36.8,49.75,24.0,99.0,0.0,0.0,525.0
2025-08-27 01:46:00,0.0,-26.0486,1912.5,0.0,-4.8,36.8,49.68,24.0,99.0,0.0,0.0,525.0
2025-08-27 01:47:00,0.0,-63.6553,1919.89,0.0,0.8,36.8,49.84,24.0,99.0,0.0,0.0,525.0
2025-08-27 01:48:00,25.1034,113.872,2267.57,0.0,-1.4,36.8,49.92,24.0,99.0,0.0,0.0,525.0
2025-08-27 01:49:00,6.38596,127.706,2277.14,0.0,4.9,36.8,49.94,24.0,99.0,0.0,0.0,525.0
2025-08-27 01:50:00,0.0,98.2026,1918.03,529.397,-12.7,36.8,49.74,24.0,99.0,0.0,0.0,525.0
2025-08-27 01:51:00,0.0,-917.45,-6293.21,12029.4,-1.4,36.8,49.65,24.0,99.0,0.0,0.0,525.0
2025-08-27 01:52:00,19.2759,-724.381,-6296.57,11213.8,-14.1,36.8,49.53,23.0,99.0,0.0,0.0,525.0
2025-08-27 01:53:00,12.3158,-406.116,-5326.49,8012.16,5.0,36.8,49.78,23.0,99.0,0.0,0.0,525.0
2025-08-27 01:54:00,0.0,-10.7482,1869.57,0.0,-3.3,36.8,49.71,23.0,99.0,0.0,0.0,525.0
2025-08-27 01:55:00,0.0,-103.999,1740.54,0.0,-2.9,36.8,49.84,23.0,99.0,0.0,0.0,525.0
2025-08-27 01:56:00,13.0,-147.183,1674.31,0.0,-0.7,36.8,49.9,23.0,99.0,0.0,0.0,525.0
2025-08-27 01:57:00,19.1579,43.7692,1989.72,0.0,1.1,36.8,49.94,23.0,99.0,0.0,0.0,525.0
2025-08-27 01:58:00,0.0,93.5181,2045.47,0.0,3.8,36.8,49.97,23.0,99.0,0.0,0.0,525.0
2025-08-27 01:59:00,0.0,81.7684,2173.39,0.0,1.6,36.7,49.98,23.0,99.0,0.0,0.0,525.0
2025-08-27 02:00:00,6.72414,-167.543,535.103,1932.83,-16.9,36.7,49.59,23.0,99.0,0.0,0.0,525.0
2025-08-27 02:01:00,25.0877,-683.031,-6604.53,10761.9,-6.4,36.7,49.62,23.0,99.0,0.0,0.0,525.0
2025-08-27 02:02:00,0.0,-715.442,-6533.72,11546.7,-31.9,36.7,49.34,22.0,99.0,0.0,0.0,525.0
2025-08-27 02:03:00,0.0,-534.399,-4024.74,8390.02,1.8,36.7,49.74,22.0,99.0,0.0,0.0,525.0
2025-08-27 02:04:00,0.448276,43.545,1981.22,0.0,0.3,36.7,49.81,22.0,99.0,0.0,0.0,525.0
2025-08-27 02:05:00,26.0,-153.297,1629.44,0.0,-5.3,36.7,49.83,22.0,99.0,0.0,0.0,525.0
2025-08-27 02:06:00,5.37931,-26.736,1824.78,0.0,-1.4,36.7,49.9,22.0,99.0,0.0,0.0,525.0
2025-08-27 02:07:00,0.0,35.9553,1987.77,0.0,-1.3,36.7,49.82,22.0,99.0,0.0,0.0,525.0
2025-08-27 02:08:00,0.0,98.4468,2285.59,0.0,5.8,36.7,49.93,22.0,99.0,0.0,0.0,525.0
2025-08-27 02:09:00,20.5263,-243.252,-712.982,4425.91,-12.5,36.7,49.61,22.0,99.0,0.0,0.0,525.0
2025-08-27 02:10:00,11.6552,-222.897,-6106.16,7446.33,0.0,36.7,49.86,21.0,99.0,0.0,0.0,525.0
2025-08-27 02:11:00,0.0,136.793,-5894.54,4481.12,0.9,36.7,49.9,21.0,99.0,0.0,0.0,525.0
2025-08-27 02:12:00,0.0,653.987,1816.05,267.569,15.9,36.7,50.27,21.0,99.0,0.0,0.0,525.0
2025-08-27 02:13:00,14.1404,739.095,2517.88,0.0,15.9,36.7,50.33,21.0,99.0,0.0,0.0,525.0
2025-08-27 02:14:00,17.4828,801.141,2439.72,0.0,15.9,36.7,50.41,21.0,99.0,0.0,0.0,525.0
2025-08-27 02:15:00,0.0,729.379,2555.19,0.0,8.4,36.7,50.35,21.0,99.0,0.0,0.0,525.0
2025-08-27 02:16:00,0.0,846.971,2280.32,0.0,19.6,36.7,50.55,21.0,99.0,0.0,0.0,525.0
2025-08-27 02:17:00,8.06897,354.409,-2225.91,3150.05,0.9,36.7,50.16,21.0,99.0,0.0,0.0,525.0
2025-08-27 02:18:00,23.7193,107.692,-5585.77,4888.02,0.4,36.7,50.11,21.0,99.0,0.0,0.0,525.0
2025-08-27 02:19:00,0.0,163.773,-5694.52,4378.48,0.0,36.7,50.12,21.0,99.0,0.0,0.0,525.0
2025-08-27 02:20:00,0.0,446.423,1217.12,716.86,15.9,36.7,50.44,21.0,99.0,0.0,0.0,525.0
2025-08-27 02:21:00,2.24138,770.87,2591.5,0.0,15.4,36.7,50.61,21.0,99.0,0.0,0.0,525.0
2025-08-27 02:22:00,26.0,792.214,2655.42,0.0,15.8,36.7,50.66,21.0,99.0,0.0,0.0,525.0
2025-08-27 02:23:00,3.58621,787.188,2646.19,0.0,15.1,36.7,50.72,21.0,99.0,0.0,0.0,525.0
2025-08-27 02:24:00,0.0,729.294,2591.3,0.0,13.1,36.8,50.87,21.0,99.0,0.0,0.0,525.0
2025-08-27 02:25:00,0.0,577.093,2385.69,0.0,9.5,36.8,51.18,21.0,99.0,0.0,0.0,525.0
2025-08-27 02:26:00,22.807,79.5636,-2891.16,3576.35,-0.9,36.8,50.96,21.0,99.0,0.0,0.0,525.0
2025-08-27 02:27:00,9.41379,37.4885,-5993.09,5308.91,-1.1,36.8,50.98,21.0,99.0,0.0,0.0,525.0
2025-08-27 02:28:00,0.0,31.3625,-5626.26,5230.42,5.2,36.7,51.1,21.0,99.0,0.0,0.0,525.0
2025-08-27 02:29:00,0.0,371.755,2390.26,0.0,7.2,36.7,52.04,21.0,99.0,0.0,0.0,525.0
2025-08-27 02:30:00,15.9649,229.103,2514.19,0.0,2.4,36.7,52.95,21.0,99.0,0.0,0.0,525.0
2025-08-27 02:31:00,15.6897,45.168,2584.19,0.0,0.8,36.7,53.0,23.0,99.0,0.0,0.0,525.0
2025-08-27 02:32:00,0.0,50.747,2673.7,0.0,0.7,36.7,53.32,24.0,99.0,0.0,0.0,525.0
2025-08-27 02:33:00,0.0,-99.5438,2193.19,47.0517,-2.3,36.7,52.39,26.0,99.0,0.0,0.0,525.0
2025-08-27 02:34:00,10.0351,-486.167,-2686.44,7416.46,-12.5,36.7,50.92,26.0,99.0,0.0,0.0,525.0
2025-08-27 02:35:00,21.5172,-371.836,-6675.02,10722.0,1.7,36.7,50.52,26.0,99.0,0.0,0.0,525.0
2025-08-27 02:36:00,0.0,-518.508,-6512.39,12276.4,-14.5,36.7,49.9,26.0,99.0,0.0,0.0,525.0
2025-08-27 02:37:00,0.0,196.342,-1033.83,3541.29,5.2,36.7,50.3,26.0,99.0,0.0,0.0,525.0
2025-08-27 02:38:00,4.48276,85.3071,2027.52,0.0,1.7,36.6,50.37,26.0,99.0,0.0,0.0,525.0
2025-08-27 02:39:00,26.0,-141.14,1528.37,3.49123,-2.8,36.6,50.18,26.0,99.0,0.0,0.0,525.0
2025-08-27 02:40:00,1.7931,92.7961,1889.57,0.0,13.0,36.6,50.44,26.0,99.0,0.0,0.0,525.0
2025-08-27 02:41:00,0.0,253.043,2384.72,0.0,0.5,36.6,50.54,26.0,99.0,0.0,0.0,525.0
2025-08-27 02:42:00,0.0,504.979,2234.45,446.034,2.1,36.6,51.27,26.0,99.0,0.0,0.0,525.0
2025-08-27 02:43:00,24.1754,-773.578,-6005.42,12743.5,-1.5,36.6,50.14,25.0,99.0,0.0,0.0,525.0
2025-08-27 02:44:00,7.62069,-570.605,-6164.69,11609.4,-19.9,36.6,49.67,25.0,99.0,0.0,0.0,525.0
2025-08-27 02:45:00,0.0,-121.353,-2647.65,6247.82,8.3,36.6,49.86,25.0,99.0,0.0,0.0,525.0
2025-08-27 02:46:00,0.0,-31.0259,1562.9,0.672414,0.3,36.6,49.85,25.0,99.0,0.0,0.0,525.0
2025-08-27 02:47:00,18.2456,396.617,2260.98,0.0,11.6,36.6,50.23,25.0,99.0,0.0,0.0,525.0
2025-08-27 02:48:00,13.4483,296.487,2394.24,0.0,6.8,36.6,50.31,25.0,99.0,0.0,0.0,525.0
2025-08-27 02:49:00,0.0,506.437,2371.33,0.0,10.7,36.6,50.99,25.0,99.0,0.0,0.0,525.0
2025-08-27 02:50:00,0.0,443.879,2697.72,0.0,6.2,36.6,51.85,25.0,99.0,0.0,0.0,525.0
2025-08-27 02:51:00,12.5517,240.946,2800.71,0.0,3.1,36.6,52.72,25.0,99.0,0.0,0.0,525.0
2025-08-27 02:52:00,19.1579,-601.508,-3776.18,10920.3,-24.9,36.6,50.46,25.0,99.0,0.0,0.0,525.0
2025-08-27 02:53:00,0.0,-302.76,-6128.84,9673.86,-9.3,36.6,50.33,24.0,99.0,0.0,0.0,525.0
2025-08-27 02:54:00,0.0,-549.265,-6092.16,11289.2,-16.2,36.6,49.82,24.0,99.0,0.0,0.0,525.0
2025-08-27 02:55:00,5.82759,810.714,1422.21,948.397,14.2,36.6,51.01,24.0,99.0,0.0,0.0,525.0
2025-08-27 02:56:00,26.0,472.485,2782.37,0.0,6.0,36.6,51.93,24.0,99.0,0.0,0.0,525.0
2025-08-27 02:57:00,0.0,225.072,2846.6,0.0,2.8,36.6,52.81,24.0,99.0,0.0,0.0,525.0
2025-08-27 02:58:00,0.0,28.1779,2356.95,21.7018,-3.1,36.6,52.5,25.0,99.0,0.0,0.0,525.0
2025-08-27 02:59:00,0.0,-125.594,2029.29,1.39655,-3.1,36.6,51.97,27.0,99.0,0.0,0.0,525.0
2025-08-27 03:00:00,25.5439,-418.498,-61.7544,4364.61,-8.4,36.6,50.77,27.0,99.0,0.0,0.0,525.0
2025-08-27 03:01:00,6.27586,-441.717,-6291.34,11237.8,5.0,36.6,50.35,26.0,99.0,0.0,0.0,525.0
2025-08-27 03:02:00,0.0,-472.011,-6195.67,11228.6,-28.1,36.6,49.74,26.0,99.0,0.0,0.0,525.0
2025-08-27 03:03:00,0.0,520.298,570.276,2264.21,1.7,36.6,50.55,26.0,99.0,0.0,0.0,525.0
2025-08-27 03:04:00,19.614,400.382,2379.19,0.0,-2.3,36.6,51.11,26.0,99.0,0.0,0.0,525.0
2025-08-27 03:05:00,12.1034,361.93,2388.67,0.0,5.5,36.6,52.14,26.0,99.0,0.0,0.0,525.0
2025-08-27 03:06:00,0.0,24.1377,2531.46,0.0,-2.7,36.6,52.02,26.0,99.0,0.0,0.0,525.0
2025-08-27 03:07:00,0.0,-12.4381,2288.33,0.0,2.2,36.6,51.85,26.0,99.0,0.0,0.0,525.0
2025-08-27 03:08:00,13.0,8.54247,2368.38,0.0,0.0,36.6,51.92,26.0,99.0,0.0,0.0,525.0
2025-08-27 03:09:00,18.7018,-213.971,1248.74,2582.7,-33.7,36.6,50.8,26.0,99.0,0.0,0.0,525.0
2025-08-27 03:10:00,0.0,-523.656,-6134.78,11504.3,-3.0,36.6,50.37,26.0,99.0,0.0,0.0,525.0
2025-08-27 03:11:00,0.0,-502.35,-6141.12,11177.5,-1.6,36.5,49.99,26.0,99.0,0.0,0.0,525.0
2025-08-27 03:12:00,7.17241,67.6082,-2702.88,5859.29,7.3,36.5,50.3,25.0,99.0,0.0,0.0,525.0
2025-08-27 03:13:00,24.6316,460.511,2537.51,0.0,2.2,36.5,50.63,25.0,99.0,0.0,0.0,525.0
2025-08-27 03:14:00,0.0,250.641,2457.31,0.0,12.0,36.5,51.1,25.0,99.0,0.0,0.0,525.0
2025-08-27 03:15:00,0.0,239.344,2584.0,0.0,8.6,36.5,51.46,25.0,99.0,0.0,0.0,525.0
2025-08-27 03:16:00,1.34483,301.692,2567.67,0.0,4.1,36.5,52.49,25.0,99.0,0.0,0.0,525.0
2025-08-27 03:17:00,26.0,123.874,2589.61,0.0,1.2,36.5,53.01,26.0,99.0,0.0,0.0,525.0
2025-08-27 03:18:00,4.48276,-134.811,2238.97,3.46552,-3.1,36.5,52.08,27.0,99.0,0.0,0.0,525.0
2025-08-27 03:19:00,0.0,-135.947,1871.95,299.298,-6.4,36.5,51.51,28.0,99.0,0.0,0.0,525.0
2025-08-27 03:20:00,0.0,-529.695,-6257.59,11552.3,-1.7,36.5,50.54,28.0,99.0,0.0,0.0,525.0
2025-08-27 03:21:00,20.9825,-483.669,-6295.56,11331.5,0.9,36.5,50.19,28.0,99.0,0.0,0.0,525.0
2025-08-27 03:22:00,10.3103,-169.298,-3941.38,8617.62,3.4,36.5,50.03,27.0,99.0,0.0,0.0,525.0
2025-08-27 03:23:00,0.0,593.131,2461.19,0.0,15.2,36.5,50.79,27.0,99.0,0.0,0.0,525.0
2025-08-27 03:24:00,0.0,554.754,2701.57,0.0,6.8,36.5,51.75,27.0,99.0,0.0,0.0,525.0
2025-08-27 03:25:00,15.0526,260.224,2808.32,0.0,3.3,36.5,52.65,27.0,99.0,0.0,0.0,525.0
2025-08-27 03:26:00,16.5862,88.3798,2828.4,1.48276,-6.4,36.4,52.82,28.0,99.0,0.0,0.0,525.0
2025-08-27 03:27:00,0.0,-131.307,2181.67,0.0,-3.7,36.4,52.08,30.0,99.0,0.0,0.0,525.0
2025-08-27 03:28:00,0.0,-476.946,-1843.1,7076.91,-13.9,36.4,50.68,30.0,99.0,0.0,0.0,525.0
2025-08-27 03:29:00,9.12281,-288.666,-6067.88,9948.42,-2.8,36.4,50.41,30.0,99.0,0.0,0.0,525.0
2025-08-27 03:30:00,22.4138,-431.865,-5760.81,10351.7,-5.0,36.4,50.12,30.0,99.0,0.0,0.0,525.0
2025-08-27 03:31:00,0.0,291.788,2305.86,0.0,4.4,36.4,50.32,30.0,99.0,0.0,0.0,525.0
2025-08-27 03:32:00,0.0,100.416,2268.36,0.0,0.0,36.4,50.53,30.0,99.0,0.0,0.0,525.0
2025-08-27 03:33:00,2.73684,80.5908,2344.26,0.0,4.3,36.4,50.53,30.0,99.0,0.0,0.0,525.0
2025-08-27 03:34:00,26.0,68.8188,2326.19,0.0,6.8,36.4,50.61,30.0,99.0,0.0,0.0,525.0
2025-08-27 03:35:00,2.2807,78.1908,2435.26,0.0,5.7,36.4,50.77,30.0,99.0,0.0,0.0,525.0
2025-08-27 03:36:00,0.0,199.069,2469.6,0.0,7.7,36.4,51.16,30.0,99.0,0.0,0.0,525.0
2025-08-27 03:37:00,0.0,-226.455,414.088,3679.67,-29.6,36.4,50.24,30.0,99.0,0.0,0.0,525.0
2025-08-27 03:38:00,22.8621,-565.891,-6558.36,12059.1,-15.4,36.4,49.83,29.0,99.0,0.0,0.0,525.0
2025-08-27 03:39:00,8.66667,-491.084,-6399.72,11145.7,-0.2,36.4,49.76,29.0,99.0,0.0,0.0,525.0
2025-08-27 03:40:00,0.0,-80.4969,-2156.83,6123.78,3.1,36.4,50.03,29.0,99.0,0.0,0.0,525.0
2025-08-27 03:41:00,0.0,244.584,2143.28,0.0,2.7,36.4,49.95,29.0,99.0,0.0,0.0,525.0
2025-08-27 03:42:00,16.5862,166.496,2164.59,0.0,7.3,36.4,50.11,29.0,99.0,0.0,0.0,525.0
2025-08-27 03:43:00,14.7931,103.107,2253.66,0.0,0.8,36.4,50.09,29.0,99.0,0.0,0.0,525.0
2025-08-27 03:44:00,0.0,214.724,2123.63,0.0,-1.8,36.4,50.22,29.0,99.0,0.0,0.0,525.0
2025-08-27 03:45:00,0.0,218.892,2172.83,0.0,2.9,36.4,50.52,29.0,99.0,0.0,0.0,525.0
2025-08-27 03:46:00,0.0,-559.303,-4240.65,9193.44,0.0,36.4,49.92,29.0,99.0,0.0,0.0,525.0
2025-08-27 03:47:00,0.0,-527.487,-6424.84,11431.4,-4.4,36.4,49.74,28.0,99.0,0.0,0.0,525.0
2025-08-27 03:48:00,0.0,-284.474,-3093.37,6926.68,-3.1,36.3,49.78,28.0,99.0,0.0,0.0,525.0
2025-08-27 03:49:00,0.0,-89.4818,1545.41,15.4483,0.3,36.3,49.83,28.0,99.0,0.0,0.0,525.0
2025-08-27 03:50:00,4.5614,-20.4324,1904.0,0.0,-2.5,36.3,49.89,28.0,99.0,0.0,0.0,525.0
2025-08-27 03:51:00,26.0,8.94488,1940.62,0.0,2.5,36.3,49.86,28.0,99.0,0.0,0.0,525.0
2025-08-27 03:52:00,0.45614,86.8899,2132.05,0.0,4.1,36.3,50.01,28.0,99.0,0.0,0.0,525.0
2025-08-27 03:53:00,0.0,224.692,2354.05,0.0,-0.6,36.3,50.04,28.0,99.0,0.0,0.0,525.0
2025-08-27 03:54:00,0.0,-137.626,784.345,2680.22,-31.5,36.3,49.51,28.0,99.0,0.0,0.0,525.0
2025-08-27 03:55:00,25.0877,-681.149,-6347.81,11046.9,-2.2,36.3,49.62,28.0,99.0,0.0,0.0,525.0
2025-08-27 03:56:00,6.72414,-556.673,-5943.88,10013.0,-33.2,36.3,49.36,27.0,99.0,0.0,0.0,525.0
2025-08-27 03:57:00,0.0,-125.861,-2319.23,5786.79,-0.3,36.3,49.75,27.0,99.0,0.0,0.0,525.0
2025-08-27 03:58:00,3.13793,433.733,2490.24,0.0,2.7,36.3,49.94,27.0,99.0,0.0,0.0,525.0
2025-08-27 03:59:00,26.0,409.979,2463.86,0.0,13.0,36.3,50.13,27.0,99.0,0.0,0.0,525.0
2025-08-27 04:00:00,2.68966,419.156,2542.02,0.0,4.5,36.3,50.05,27.0,99.0,0.0,0.0,525.0
2025-08-27 04:01:00,0.0,402.776,2512.32,0.0,1.4,36.3,50.24,27.0,99.0,0.0,0.0,525.0
2025-08-27 04:02:00,0.0,228.055,2395.05,0.0,4.3,36.3,50.22,27.0,99.0,0.0,0.0,525.0
2025-08-27 04:03:00,22.807,619.641,2226.88,0.0,9.9,36.3,50.74,27.0,99.0,0.0,0.0,525.0
2025-08-27 04:04:00,8.51724,485.28,2459.48,0.0,-3.8,36.3,50.89,27.0,99.0,0.0,0.0,525.0
2025-08-27 04:05:00,0.0,284.853,2248.12,0.0,11.5,36.3,51.51,27.0,99.0,0.0,0.0,525.0
2025-08-27 04:06:00,0.0,334.231,2571.91,0.0,4.4,36.3,52.4,27.0,99.0,0.0,0.0,525.0
2025-08-27 04:07:00,17.3333,150.203,2581.54,0.0,1.7,36.3,53.04,27.0,99.0,0.0,0.0,525.0
2025-08-27 04:08:00,14.7931,-556.193,-3335.05,10002.9,-24.2,36.3,50.71,28.0,99.0,0.0,0.0,525.0
2025-08-27 04:09:00,0.0,-372.351,-6280.72,10779.4,-27.4,36.3,50.21,28.0,99.0,0.0,0.0,525.0
2025-08-27 04:10:00,0.0,-238.177,-4315.97,9180.16,11.4,36.3,50.43,27.0,99.0,0.0,0.0,525.0
2025-08-27 04:11:00,11.4035,157.937,2294.02,0.0,0.0,36.3,50.42,27.0,99.0,0.0,0.0,525.0
2025-08-27 04:12:00,20.6207,76.1548,2506.22,0.0,0.7,36.3,50.53,27.0,99.0,0.0,0.0,525.0
2025-08-27 04:13:00,0.0,71.436,2433.07,0.0,4.2,36.3,50.76,27.0,99.0,0.0,0.0,525.0
2025-08-27 04:14:00,0.0,206.988,2306.33,0.0,12.9,36.3,51.11,27.0,99.0,0.0,0.0,525.0
2025-08-27 04:15:00,4.5614,63.8946,2499.4,0.0,2.5,36.3,51.14,27.0,99.0,0.0,0.0,525.0
2025-08-27 04:16:00,26.0,158.602,2476.33,0.0,8.6,36.3,51.54,27.0,99.0,0.0,0.0,525.0
2025-08-27 04:17:00,0.912281,116.017,2487.68,0.0,0.2,36.3,51.63,27.0,99.0,0.0,0.0,525.0
2025-08-27 04:18:00,0.0,47.7388,2358.59,0.0,-1.7,36.3,51.73,27.0,99.0,0.0,0.0,525.0
2025-08-27 04:19:00,0.0,75.891,2515.05,0.0,0.4,36.3,52.1,27.0,99.0,0.0,0.0,525.0
2025-08-27 04:20:00,24.6552,66.091,2416.62,0.0,0.0,36.3,52.31,27.0,99.0,0.0,0.0,525.0
2025-08-27 04:21:00,6.72414,76.8684,2093.1,488.017,-10.8,36.3,52.55,27.0,99.0,0.0,0.0,525.0
2025-08-27 04:22:00,0.0,-734.982,-5950.61,12975.9,5.1,36.3,50.74,27.0,99.0,0.0,0.0,525.0
2025-08-27 04:23:00,0.0,-473.739,-6328.72,11774.2,2.6,36.2,50.15,27.0,99.0,0.0,0.0,525.0
2025-08-27 04:24:00,18.7018,48.4542,-1243.74,4904.23,9.9,36.2,50.4,26.0,99.0,0.0,0.0,525.0
2025-08-27 04:25:00,12.5517,291.602,2190.24,0.0,9.1,36.2,50.63,26.0,99.0,0.0,0.0,525.0
2025-08-27 04:26:00,0.0,-91.2204,1823.82,0.0,-2.2,36.2,50.43,26.0,99.0,0.0,0.0,525.0
2025-08-27 04:27:00,0.0,84.8751,1989.62,8.86207,2.6,36.2,50.61,26.0,99.0,0.0,0.0,525.0
2025-08-27 04:28:00,13.2281,-84.9356,1740.32,0.0,0.9,36.2,50.6,26.0,99.0,0.0,0.0,525.0
2025-08-27 04:29:00,18.8276,108.791,2105.48,0.0,3.0,36.2,50.69,26.0,99.0,0.0,0.0,525.0
2025-08-27 04:30:00,0.0,153.575,2362.23,0.0,11.5,36.2,51.0,26.0,99.0,0.0,0.0,525.0
2025-08-27 04:31:00,0.0,492.816,2593.57,0.0,5.5,36.2,52.17,26.0,99.0,0.0,0.0,525.0
2025-08-27 04:32:00,7.29825,191.444,2732.26,0.0,2.1,36.2,52.96,26.0,99.0,0.0,0.0,525.0
2025-08-27 04:33:00,24.2069,-194.161,1523.1,2377.47,-30.9,36.2,51.24,28.0,99.0,0.0,0.0,525.0
2025-08-27 04:34:00,0.0,-643.696,-6201.98,12792.7,-24.2,36.2,50.27,27.0,99.0,0.0,0.0,525.0
2025-08-27 04:35:00,0.0,-442.816,-6482.5,11361.8,-3.2,36.2,50.05,27.0,99.0,0.0,0.0,525.0
2025-08-27 04:36:00,1.82456,64.7197,-1697.39,4936.47,0.5,36.2,50.2,27.0,99.0,0.0,0.0,525.0
2025-08-27 04:37:00,26.0,188.464,2284.29,0.0,1.3,36.1,50.46,27.0,99.0,0.0,0.0,525.0
2025-08-27 04:38:00,4.5614,183.985,2390.37,0.0,7.5,36.1,50.75,27.0,99.0,0.0,0.0,525.0
2025-08-27 04:39:00,0.0,415.799,2373.52,0.0,9.2,36.1,51.53,27.0,99.0,0.0,0.0,525.0
2025-08-27 04:40:00,0.0,317.59,2761.05,0.0,4.1,36.1,52.47,27.0,99.0,0.0,0.0,525.0
2025-08-27 04:41:00,21.5172,139.338,2797.29,0.0,1.4,36.1,53.11,27.0,99.0,0.0,0.0,525.0
2025-08-27 04:42:00,9.57895,-548.381,-2800.35,9036.88,-2.5,36.1,50.95,28.0,99.0,0.0,0.0,525.0
2025-08-27 04:43:00,0.0,-434.332,-6431.38,11328.2,10.6,36.1,50.44,28.0,99.0,0.0,0.0,525.0
2025-08-27 04:44:00,0.0,-365.785,-6161.16,10583.1,-18.0,36.1,49.98,27.0,99.0,0.0,0.0,525.0
2025-08-27 04:45:00,15.6897,382.517,2174.07,0.0,3.8,36.1,50.6,27.0,99.0,0.0,0.0,525.0
2025-08-27 04:46:00,15.9649,292.369,2201.26,0.0,1.4,36.1,50.86,27.0,99.0,0.0,0.0,525.0
2025-08-27 04:47:00,0.0,194.025,2303.21,0.0,12.2,36.1,51.43,27.0,99.0,0.0,0.0,525.0
2025-08-27 04:48:00,0.0,216.331,2522.0,0.0,-0.2,36.1,51.79,27.0,99.0,0.0,0.0,525.0
2025-08-27 04:49:00,9.86207,226.188,2648.48,0.0,2.6,36.1,52.88,27.0,99.0,0.0,0.0,525.0
2025-08-27 04:50:00,21.8947,-28.5674,2328.79,0.0,-2.7,36.1,52.36,29.0,99.0,0.0,0.0,525.0
2025-08-27 04:51:00,0.0,-431.758,-1042.76,5761.57,2.5,36.1,51.04,29.0,99.0,0.0,0.0,525.0
2025-08-27 04:52:00,0.0,-357.112,-6488.74,10588.4,1.4,36.1,50.57,29.0,99.0,0.0,0.0,525.0
2025-08-27 04:53:00,3.58621,-469.163,-6496.67,11317.3,1.8,36.1,50.11,29.0,99.0,0.0,0.0,525.0
2025-08-27 04:54:00,26.0,21.4138,-1309.56,4495.11,6.0,36.1,50.13,29.0,99.0,0.0,0.0,525.0
2025-08-27 04:55:00,1.7931,139.284,2183.78,0.0,2.8,36.1,50.38,29.0,99.0,0.0,0.0,525.0
2025-08-27 04:56:00,0.0,190.469,2262.33,0.0,-1.2,36.1,50.54,29.0,99.0,0.0,0.0,525.0
2025-08-27 04:57:00,0.0,86.6254,2166.78,0.0,7.3,36.1,50.7,29.0,99.0,0.0,0.0,525.0
2025-08-27 04:58:00,23.7586,151.999,2278.43,0.0,1.4,36.1,50.81,29.0,99.0,0.0,0.0,525.0
2025-08-27 04:59:00,7.75439,161.189,2262.33,0.0,10.5,36.1,51.19,29.0,99.0,0.0,0.0,525.0
2025-08-27 05:00:00,0.0,138.624,2054.29,0.0,-3.4,36.0,51.31,29.0,99.0,0.0,0.0,525.0
2025-08-27 05:01:00,0.0,-494.762,-2287.0,7143.72,2.3,36.1,50.46,29.0,99.0,0.0,0.0,525.0
2025-08-27 05:02:00,17.0345,-613.425,-6459.34,12490.1,1.5,36.0,49.97,28.0,99.0,0.0,0.0,525.0
2025-08-27 05:03:00,14.5965,-428.206,-6346.74,11162.5,-28.4,36.0,49.49,28.0,99.0,0.0,0.0,525.0
2025-08-27 05:04:00,0.0,159.774,145.172,2443.9,3.8,36.0,50.02,28.0,99.0,0.0,0.0,525.0
2025-08-27 05:05:00,0.0,201.548,2160.84,0.0,1.4,36.0,50.11,28.0,99.0,0.0,0.0,525.0
2025-08-27 05:06:00,11.2069,242.653,2347.19,0.0,-2.1,36.0,50.18,28.0,99.0,0.0,0.0,525.0
2025-08-27 05:07:00,20.5263,127.995,2270.4,0.0,-0.5,36.0,50.36,28.0,99.0,0.0,0.0,525.0
2025-08-27 05:08:00,0.0,72.6396,2262.38,0.0,1.4,36.0,50.45,28.0,99.0,0.0,0.0,525.0
2025-08-27 05:09:00,0.0,99.8329,2228.74,0.0,2.0,36.0,50.43,28.0,99.0,0.0,0.0,525.0
2025-08-27 05:10:00,4.48276,145.664,2253.71,0.0,0.3,36.0,50.69,28.0,99.0,0.0,0.0,525.0
2025-08-27 05:11:00,26.0,-357.937,-997.614,5473.54,-38.7,36.0,49.91,28.0,99.0,0.0,0.0,525.0
2025-08-27 05:12:00,1.34483,-603.37,-6284.43,12008.3,-7.0,36.0,49.78,27.0,99.0,0.0,0.0,525.0
2025-08-27 05:13:00,0.0,-477.708,-6143.16,10547.7,-24.3,36.0,49.47,27.0,99.0,0.0,0.0,525.0
2025-08-27 05:14:00,0.0,45.5404,-883.707,4069.9,18.0,35.9,50.04,27.0,99.0,0.0,0.0,525.0
2025-08-27 05:15:00,24.2069,583.484,2316.31,0.0,14.4,35.9,50.27,27.0,99.0,0.0,0.0,525.0
2025-08-27 05:16:00,7.29825,332.044,2538.09,0.0,-4.0,36.0,50.26,27.0,99.0,0.0,0.0,525.0
2025-08-27 05:17:00,0.0,230.264,2388.21,0.0,0.4,36.0,50.4,27.0,99.0,0.0,0.0,525.0
2025-08-27 05:18:00,0.0,332.312,2392.84,0.0,16.1,36.0,50.99,27.0,99.0,0.0,0.0,525.0
2025-08-27 05:19:00,17.0345,365.359,2572.91,0.0,10.6,36.0,51.59,27.0,99.0,0.0,0.0,525.0
2025-08-27 05:20:00,14.5965,310.901,2655.25,0.0,3.9,36.0,52.51,27.0,99.0,0.0,0.0,525.0
2025-08-27 05:21:00,0.0,132.922,2665.72,0.0,1.4,35.9,53.11,28.0,99.0,0.0,0.0,525.0
2025-08-27 05:22:00,0.0,-571.513,-4264.42,10738.1,-27.5,35.9,50.68,28.0,99.0,0.0,0.0,525.0
2025-08-27 05:23:00,15.6897,-488.085,-6215.72,11059.6,0.8,35.9,50.3,28.0,99.0,0.0,0.0,525.0
2025-08-27 05:24:00,15.9649,-473.96,-6116.21,10735.8,-14.3,35.9,49.88,27.0,99.0,0.0,0.0,525.0
2025-08-27 05:25:00,0.0,782.056,1518.98,938.431,13.7,35.9,51.12,27.0,99.0,0.0,0.0,525.0
2025-08-27 05:26:00,0.0,313.947,2588.79,0.0,8.7,35.9,51.65,27.0,99.0,0.0,0.0,525.0
2025-08-27 05:27:00,13.4483,308.854,2683.05,0.0,3.8,35.9,52.74,27.0,99.0,0.0,0.0,525.0
2025-08-27 05:28:00,18.2456,27.7806,2607.02,7.15789,0.7,35.9,52.52,28.0,99.0,0.0,0.0,525.0
2025-08-27 05:29:00,0.0,-133.193,2315.59,0.0,-1.8,35.9,51.9,28.0,99.0,0.0,0.0,525.0
2025-08-27 05:30:00,0.0,-121.822,2254.12,0.0,-5.4,35.9,51.51,28.0,99.0,0.0,0.0,525.0
2025-08-27 05:31:00,7.62069,-265.158,1270.83,2087.1,-36.3,35.9,50.53,28.0,99.0,0.0,0.0,525.0
2025-08-27 05:32:00,24.1754,-545.816,-5945.67,11547.6,-17.9,35.9,50.12,28.0,99.0,0.0,0.0,525.0
2025-08-27 05:33:00,0.0,-329.926,-5226.67,8886.33,15.3,35.9,50.1,28.0,99.0,0.0,0.0,525.0
2025-08-27 05:34:00,0.0,243.205,2422.65,0.0,1.5,35.9,50.35,28.0,99.0,0.0,0.0,525.0
2025-08-27 05:35:00,0.448276,113.671,2222.6,0.0,-0.4,35.9,50.33,28.0,99.0,0.0,0.0,525.0
2025-08-27 05:36:00,26.0,81.0755,2279.96,0.0,2.8,35.9,50.57,28.0,99.0,0.0,0.0,525.0
2025-08-27 05:37:00,5.37931,131.933,2238.53,0.0,4.1,35.9,50.66,28.0,99.0,0.0,0.0,525.0
2025-08-27 05:38:00,0.0,144.236,2117.37,0.0,1.3,35.9,50.85,28.0,99.0,0.0,0.0,525.0
2025-08-27 05:39:00,0.0,134.124,2399.45,0.0,1.7,35.9,51.06,28.0,99.0,0.0,0.0,525.0
2025-08-27 05:40:00,19.614,173.213,2436.46,0.0,-2.9,35.9,51.46,28.0,99.0,0.0,0.0,525.0
2025-08-27 05:41:00,12.1034,62.1656,2268.6,0.0,2.7,35.9,51.6,28.0,99.0,0.0,0.0,525.0
2025-08-27 05:42:00,0.0,-246.194,553.31,3948.33,-12.9,35.9,50.81,28.0,99.0,0.0,0.0,525.0
2025-08-27 05:43:00,0.0,-536.899,-6120.6,11632.8,2.6,35.9,50.3,27.0,99.0,0.0,0.0,525.0
2025-08-27 05:44:00,13.0,-369.197,-6074.9,10210.9,-11.9,35.9,49.87,27.0,99.0,0.0,0.0,525.0
2025-08-27 05:45:00,18.2456,741.5,1943.63,645.018,12.5,35.8,51.03,27.0,99.0,0.0,0.0,525.0
2025-08-27 05:46:00,0.0,448.838,2731.86,0.0,5.3,35.9,51.91,27.0,99.0,0.0,0.0,525.0
2025-08-27 05:47:00,0.0,225.528,2646.3,0.0,2.8,35.8,52.8,27.0,99.0,0.0,0.0,525.0
2025-08-27 05:48:00,5.82759,29.0984,2496.95,0.396552,-1.9,35.8,52.61,28.0,99.0,0.0,0.0,525.0
2025-08-27 05:49:00,25.5439,-130.867,2003.74,0.0,-1.4,35.8,51.99,30.0,99.0,0.0,0.0,525.0
2025-08-27 05:50:00,0.0,-121.136,2043.28,0.0,-0.9,35.8,51.64,30.0,99.0,0.0,0.0,525.0
2025-08-27 05:51:00,0.0,-117.728,2094.67,0.0,-3.7,35.8,51.28,30.0,99.0,0.0,0.0,525.0
2025-08-27 05:52:00,9.86207,-130.937,2179.86,0.0,-3.7,35.8,50.99,30.0,99.0,0.0,0.0,525.0
2025-08-27 05:53:00,21.8947,-144.557,1903.56,0.0,-4.6,35.8,50.79,30.0,99.0,0.0,0.0,525.0
2025-08-27 05:54:00,0.0,-136.404,1894.81,8.18966,-2.5,35.8,50.48,30.0,99.0,0.0,0.0,525.0
2025-08-27 05:55:00,0.0,-156.161,1782.91,0.0,-2.8,35.8,50.43,30.0,99.0,0.0,0.0,525.0
2025-08-27 05:56:00,2.24138,-417.518,-2736.88,6796.47,-25.2,35.8,49.82,30.0,99.0,0.0,0.0,525.0
2025-08-27 05:57:00,26.0,-506.967,-6200.28,10820.1,4.8,35.8,49.79,30.0,99.0,0.0,0.0,525.0
2025-08-27 05:58:00,3.58621,-299.535,-5234.64,9354.69,29.9,35.8,50.07,29.0,99.0,0.0,0.0,525.0
2025-08-27 05:59:00,0.0,977.528,2187.05,0.0,15.0,35.8,50.54,29.0,99.0,0.0,0.0,525.0
2025-08-27 06:00:00,0.0,433.278,2313.54,0.0,-2.6,35.8,50.71,29.0,99.0,0.0,0.0,525.0
2025-08-27 06:01:00,21.069,436.118,2428.66,0.0,-3.3,35.8,51.43,29.0,99.0,0.0,0.0,525.0
2025-08-27 06:02:00,11.4035,276.789,2470.51,0.0,2.7,35.8,52.43,29.0,99.0,0.0,0.0,525.0
2025-08-27 06:03:00,0.0,-68.9793,2215.4,0.0,-1.2,35.8,51.93,29.0,99.0,0.0,0.0,525.0
2025-08-27 06:04:00,0.0,-32.9891,2103.63,0.0,-0.3,35.8,51.82,29.0,99.0,0.0,0.0,525.0
2025-08-27 06:05:00,13.0,6.568,2157.14,0.0,4.2,35.8,51.9,29.0,99.0,0.0,0.0,525.0
2025-08-27 06:06:00,19.1579,154.261,2411.82,0.0,4.6,35.8,52.6,29.0,99.0,0.0,0.0,525.0
2025-08-27 06:07:00,0.0,-20.1855,2271.84,0.0,-1.6,35.8,52.23,29.0,99.0,0.0,0.0,525.0
2025-08-27 06:08:00,0.0,-578.789,-4777.18,10788.0,-34.8,35.8,50.38,29.0,99.0,0.0,0.0,525.0
2025-08-27 06:09:00,6.72414,-519.74,-6464.95,11865.3,-13.6,35.7,50.04,29.0,99.0,0.0,0.0,525.0
2025-08-27 06:10:00,25.0877,-445.768,-5862.72,11057.7,33.5,35.7,50.21,28.0,99.0,0.0,0.0,525.0
2025-08-27 06:11:00,0.0,817.774,2371.43,0.0,15.4,35.7,50.91,28.0,99.0,0.0,0.0,525.0
2025-08-27 06:12:00,0.0,382.444,2536.98,0.0,11.5,35.7,51.51,28.0,99.0,0.0,0.0,525.0
2025-08-27 06:13:00,0.896552,337.353,2710.4,0.0,4.0,35.7,52.52,28.0,99.0,0.0,0.0,525.0
2025-08-27 06:14:00,26.0,132.409,2788.56,0.0,1.4,35.7,53.13,29.0,99.0,0.0,0.0,525.0
2025-08-27 06:15:00,4.48276,-133.074,2283.1,0.0,-1.7,35.7,52.14,31.0,99.0,0.0,0.0,525.0
2025-08-27 06:16:00,0.0,-130.084,1797.9,10.5345,-4.2,35.7,51.64,31.0,99.0,0.0,0.0,525.0
2025-08-27 06:17:00,0.0,-142.585,1618.14,14.5614,-5.4,35.7,51.29,31.0,99.0,0.0,0.0,525.0
2025-08-27 06:18:00,21.069,-409.275,-1340.4,5487.12,12.3,35.7,50.58,31.0,99.0,0.0,0.0,525.0
2025-08-27 06:19:00,10.9474,-422.835,-6096.16,11025.5,-14.2,35.7,50.03,31.0,99.0,0.0,0.0,525.0
2025-08-27 06:20:00,0.0,-491.298,-6267.5,10604.4,-3.3,35.7,49.85,30.0,99.0,0.0,0.0,525.0
2025-08-27 06:21:00,0.0,218.132,-209.737,3712.37,3.4,35.7,50.1,30.0,99.0,0.0,0.0,525.0
2025-08-27 06:22:00,21.5172,526.038,2695.64,0.0,10.6,35.7,50.74,30.0,99.0,0.0,0.0,525.0
2025-08-27 06:23:00,10.0351,346.254,2743.11,0.0,10.1,35.7,51.17,30.0,99.0,0.0,0.0,525.0
2025-08-27 06:24:00,0.0,411.725,2926.74,0.0,4.9,35.7,52.23,30.0,99.0,0.0,0.0,525.0
2025-08-27 06:25:00,2.73684,172.7,4076.19,0.0,0.6,35.7,52.93,31.0,99.0,0.0,0.0,525.0
2025-08-27 06:26:00,26.0,-33.3322,4185.38,0.0,1.1,35.7,52.47,31.0,99.0,0.0,0.0,525.0
2025-08-27 06:27:00,2.73684,11.9973,4123.42,0.0,2.7,35.7,52.68,31.0,99.0,0.0,0.0,525.0
2025-08-27 06:28:00,0.0,-405.409,771.207,5484.14,-20.6,35.7,50.92,31.0,99.0,0.0,0.0,525.0
2025-08-27 06:29:00,10.4912,-299.926,-4494.93,7726.18,1.0,35.7,50.64,31.0,99.0,0.0,0.0,525.0
2025-08-27 06:30:00,21.069,-255.194,-4461.17,6868.84,-14.3,35.7,50.24,31.0,99.0,0.0,0.0,525.0
2025-08-27 06:31:00,0.0,158.695,2728.21,1122.93,1.8,35.7,50.66,31.0,99.0,0.0,0.0,525.0
2025-08-27 06:32:00,0.0,41.8644,3948.03,0.0,1.4,35.7,50.71,31.0,99.0,0.0,0.0,525.0
2025-08-27 06:33:00,17.7895,254.183,4030.42,0.0,0.6,35.7,51.13,31.0,99.0,0.0,0.0,525.0
2025-08-27 06:34:00,14.3448,215.368,3892.03,0.0,7.3,35.7,51.61,31.0,99.0,0.0,0.0,525.0
2025-08-27 06:35:00,0.0,164.252,4021.98,0.0,6.2,35.7,52.12,31.0,99.0,0.0,0.0,525.0
2025-08-27 06:36:00,0.0,147.794,4289.68,0.0,-2.2,35.6,52.64,31.0,99.0,0.0,0.0,525.0
2025-08-27 06:37:00,24.6552,-536.49,-836.276,7582.4,-9.7,35.6,50.78,30.0,99.0,0.0,0.0,525.0
2025-08-27 06:38:00,163.474,-213.676,-4376.21,7020.49,-12.8,35.6,50.48,30.0,99.0,0.0,0.0,525.0
2025-08-27 06:39:00,429.362,-70.0825,-3122.41,5964.76,24.2,35.6,50.88,30.0,99.0,0.0,0.0,525.0
2025-08-27 06:40:00,517.351,589.395,3842.42,0.0,6.5,35.6,51.91,30.0,99.0,0.0,0.0,525.0
2025-08-27 06:41:00,601.879,233.721,3453.64,0.0,2.6,35.6,52.81,30.0,99.0,0.0,0.0,525.0
2025-08-27 06:42:00,685.228,22.1453,3579.26,0.0,-0.9,35.6,52.58,31.0,99.0,0.0,0.0,525.0
2025-08-27 06:43:00,745.569,-82.0621,3209.76,0.0,-1.9,35.6,52.19,32.0,99.0,0.0,0.0,525.0
2025-08-27 06:44:00,792.772,-60.1929,3246.33,0.0,2.1,35.6,51.97,32.0,99.0,0.0,0.0,525.0
2025-08-27 06:45:00,866.466,-58.3026,3148.62,0.0,0.0,35.6,51.83,32.0,99.0,0.0,0.0,525.0
2025-08-27 06:46:00,937.596,-32.3764,3265.44,0.0,-2.3,35.6,51.72,32.0,99.0,0.0,0.0,525.0
2025-08-27 06:47:00,1015.79,-15.3552,3203.31,0.0,1.3,35.6,51.66,32.0,99.0,0.0,0.0,525.0
2025-08-27 06:48:00,1075.44,-1.93985,3311.95,0.0,2.1,35.6,51.66,32.0,99.0,0.0,0.0,525.0
2025-08-27 06:49:00,1154.38,-11.1214,3145.14,0.0,5.4,35.6,51.68,32.0,99.0,0.0,0.0,525.0
2025-08-27 06:50:00,1208.02,-17.663,3174.21,0.0,3.4,35.6,51.59,32.0,99.0,0.0,0.0,525.0
2025-08-27 06:51:00,1372.6,-440.243,-2108.64,8281.4,-16.7,35.6,50.53,31.0,99.0,0.0,0.0,525.0
2025-08-27 06:52:00,1511.05,-327.546,-5663.63,10634.6,1.1,35.6,50.33,31.0,99.0,0.0,0.0,525.0
2025-08-27 06:53:00,1660.83,-203.139,-3843.84,9373.52,19.3,35.6,50.34,31.0,99.0,0.0,0.0,525.0
2025-08-27 06:54:00,1803.37,666.023,3342.37,0.0,13.3,35.6,51.19,31.0,99.0,0.0,0.0,525.0
2025-08-27 06:55:00,1908.79,319.17,3429.4,0.0,8.6,35.6,51.84,31.0,99.0,0.0,0.0,525.0
2025-08-27 06:56:00,1939.72,274.791,3598.18,0.0,3.1,35.6,52.86,31.0,99.0,0.0,0.0,525.0
2025-08-27 06:57:00,1930.47,40.0962,3566.84,4.53448,-1.8,35.6,52.74,32.0,99.0,0.0,0.0,525.0
2025-08-27 06:58:00,1884.6,-73.2674,3293.44,6.2807,-1.8,35.5,52.25,33.0,99.0,0.0,0.0,525.0
2025-08-27 06:59:00,1908.67,-67.7672,3236.5,11.2241,-3.9,35.5,52.02,33.0,99.0,0.0,0.0,525.0
2025-08-27 07:00:00,1885.23,-4.92951,3423.58,0.0,-1.6,35.5,52.07,33.0,99.0,0.0,0.0,525.0
2025-08-27 07:01:00,1795.97,-24.3227,3531.97,0.0,-2.5,35.5,51.99,33.0,99.0,0.0,0.0,525.0
2025-08-27 07:02:00,1692.23,-25.3071,3644.54,1.33333,-4.2,35.5,51.81,33.0,99.0,0.0,0.0,525.0
2025-08-27 07:03:00,1581.36,-8.57479,3638.16,0.0,-2.9,35.5,51.8,33.0,99.0,0.0,0.0,525.0
2025-08-27 07:04:00,1434.04,-79.1791,3544.96,0.0,-2.3,35.5,51.46,33.0,99.0,0.0,0.0,525.0
2025-08-27 07:05:00,1363.53,-161.186,2840.02,1760.91,-36.2,35.5,50.68,33.0,99.0,0.0,0.0,525.0
2025-08-27 07:06:00,1381.09,-289.176,-4754.98,9193.56,-6.3,35.5,50.6,33.0,99.0,0.0,0.0,525.0
2025-08-27 07:07:00,1359.34,-297.703,-4903.36,9069.74,-13.0,35.5,50.19,32.0,99.0,0.0,0.0,525.0
2025-08-27 07:08:00,1367.91,-16.2638,-3210.05,7152.39,15.2,35.5,50.55,32.0,99.0,0.0,0.0,525.0
2025-08-27 07:09:00,1454.09,338.047,3737.93,0.0,1.4,35.5,50.89,32.0,99.0,0.0,0.0,525.0
2025-08-27 07:10:00,1663.11,98.2143,3803.0,0.0,1.9,35.5,50.93,32.0,99.0,0.0,0.0,525.0
2025-08-27 07:11:00,1949.72,106.194,3785.02,0.0,1.8,35.5,51.18,32.0,99.0,0.0,0.0,525.0
2025-08-27 07:12:00,2174.18,106.739,3708.16,0.0,1.9,35.5,51.42,32.0,99.0,0.0,0.0,525.0
2025-08-27 07:13:00,2307.22,106.301,3687.29,0.0,2.1,35.5,51.64,32.0,99.0,0.0,0.0,525.0
2025-08-27 07:14:00,2438.0,115.533,3729.44,0.0,2.4,35.5,52.05,32.0,99.0,0.0,0.0,525.0
2025-08-27 07:15:00,2506.48,-76.0838,1425.05,3168.17,-10.0,35.5,51.46,32.0,99.0,0.0,0.0,525.0
2025-08-27 07:16:00,2625.67,-354.755,-4800.46,10968.7,0.0,35.4,50.89,32.0,99.0,0.0,0.0,525.0
2025-08-27 07:17:00,2712.86,-269.119,-5062.71,10137.8,0.3,35.4,50.48,32.0,99.0,0.0,0.0,525.0
2025-08-27 07:18:00,2891.91,21.5898,-969.491,5145.49,3.8,35.4,50.72,32.0,99.0,0.0,0.0,525.0
2025-08-27 07:19:00,3246.53,141.651,3637.84,0.0,2.2,35.4,50.76,32.0,99.0,0.0,0.0,525.0
2025-08-27 07:20:00,3515.84,109.11,3755.26,0.0,1.9,35.4,51.05,32.0,99.0,0.0,0.0,525.0
2025-08-27 07:21:00,3733.98,187.138,3414.98,0.0,13.0,35.4,51.57,32.0,99.0,0.0,0.0,525.0
2025-08-27 07:22:00,3979.35,339.915,3872.14,0.0,3.7,35.4,52.63,32.0,99.0,0.0,0.0,525.0
2025-08-27 07:23:00,3952.41,97.7311,3955.09,89.3103,-2.1,35.4,52.92,33.0,99.0,0.0,0.0,525.0
2025-08-27 07:24:00,3875.7,-91.2847,3350.84,706.228,-2.0,35.4,52.21,33.0,99.0,0.0,0.0,525.0
2025-08-27 07:25:00,3782.17,-203.679,2535.03,3020.47,-29.0,35.4,51.08,33.0,99.0,0.0,0.0,525.0
2025-08-27 07:26:00,3706.28,-411.133,-4828.16,12481.5,-4.4,35.4,50.69,33.0,99.0,0.0,0.0,525.0
2025-08-27 07:27:00,3609.84,-256.369,-4795.5,10792.7,-8.5,35.4,50.36,33.0,99.0,0.0,0.0,525.0
2025-08-27 07:28:00,3550.67,9.424,-2811.25,8173.56,7.1,35.3,50.62,33.0,99.0,0.0,0.0,525.0
2025-08-27 07:29:00,3536.5,7.03096,3697.03,81.8621,14.4,35.3,50.67,33.0,99.0,0.0,0.0,525.0
2025-08-27 07:30:00,3570.42,154.86,3752.21,21.2456,-0.4,35.3,50.85,33.0,99.0,0.0,0.0,525.0
2025-08-27 07:31:00,3651.1,112.762,3686.53,28.5862,10.5,35.3,51.13,33.0,99.0,0.0,0.0,525.0
2025-08-27 07:32:00,3759.54,186.707,3600.32,13.1053,10.5,35.3,51.45,33.0,99.0,0.0,0.0,525.0
2025-08-27 07:33:00,3907.72,126.983,3669.84,45.1724,13.3,35.3,51.79,33.0,99.0,0.0,0.0,525.0
2025-08-27 07:34:00,4104.72,-213.174,1113.53,6122.49,-15.5,35.3,50.78,33.0,99.0,0.0,0.0,525.0
2025-08-27 07:35:00,4328.07,-380.566,-5031.79,13472.9,-6.2,35.3,50.45,32.0,99.0,0.0,0.0,525.0
2025-08-27 07:36:00,4541.56,-296.034,-5124.77,12470.0,-10.2,35.3,50.15,32.0,99.0,0.0,0.0,525.0
2025-08-27 07:37:00,4757.02,-101.935,-1154.28,7754.91,6.2,35.3,50.28,32.0,99.0,0.0,0.0,525.0
2025-08-27 07:38:00,4923.6,203.738,3816.53,0.0,3.1,35.3,50.44,32.0,99.0,0.0,0.0,525.0
2025-08-27 07:39:00,5229.12,127.343,3805.26,0.0,2.5,35.3,50.47,32.0,99.0,0.0,0.0,525.0
2025-08-27 07:40:00,5470.39,112.451,3795.74,0.0,2.3,35.3,50.61,32.0,99.0,0.0,0.0,525.0
2025-08-27 07:41:00,5618.86,105.76,3768.57,0.0,2.0,35.3,50.85,32.0,99.0,0.0,0.0,525.0
2025-08-27 07:42:00,6263.37,106.766,3791.26,0.0,2.0,35.3,51.04,32.0,99.0,0.0,0.0,525.0
2025-08-27 07:43:00,5927.34,106.634,3899.02,0.0,1.8,35.3,51.14,32.0,99.0,0.0,0.0,525.0
2025-08-27 07:44:00,5851.74,-83.052,2604.09,3072.7,-26.7,35.3,50.55,32.0,99.0,0.0,0.0,525.0
2025-08-27 07:45:00,6202.17,-458.714,-4804.09,15118.0,-9.2,35.3,50.26,32.0,99.0,0.0,0.0,525.0
2025-08-27 07:46:00,6541.84,-271.946,-4979.18,13989.5,-10.8,35.3,49.96,32.0,99.0,0.0,0.0,525.0
2025-08-27 07:47:00,6035.22,451.205,1262.84,3676.57,0.2,35.3,50.57,32.0,99.0,0.0,0.0,525.0
2025-08-27 07:48:00,5807.84,80.6198,3749.93,0.0,2.1,35.3,50.66,32.0,99.0,0.0,0.0,525.0
2025-08-27 07:49:00,5722.12,94.9787,3652.48,0.0,1.8,35.3,50.76,32.0,99.0,0.0,0.0,525.0
2025-08-27 07:50:00,5701.88,92.3548,3637.23,6.91228,1.7,35.3,50.98,32.0,99.0,0.0,0.0,525.0
2025-08-27 07:51:00,5734.48,102.361,3790.05,0.0,2.4,35.3,51.15,32.0,99.0,0.0,0.0,525.0
2025-08-27 07:52:00,5809.18,113.494,3846.21,0.0,2.1,35.3,51.48,32.0,99.0,0.0,0.0,525.0
2025-08-27 07:53:00,5872.09,107.022,3975.02,0.0,2.2,35.3,51.73,32.0,99.0,0.0,0.0,525.0
2025-08-27 07:54:00,5978.96,113.426,3940.6,0.0,1.9,35.3,52.06,32.0,99.0,0.0,0.0,525.0
2025-08-27 07:55:00,6926.78,-540.865,-3465.55,15661.1,-9.6,35.3,50.66,31.0,99.0,0.0,0.0,525.0
2025-08-27 07:56:00,7080.98,-314.31,-4997.84,15278.2,-17.2,35.3,50.21,31.0,99.0,0.0,0.0,525.0
2025-08-27 07:57:00,6191.0,255.878,-1016.53,7406.76,10.0,35.3,50.94,31.0,99.0,0.0,0.0,525.0
2025-08-27 07:58:00,5976.16,507.96,3882.98,0.0,6.0,35.3,51.99,31.0,99.0,0.0,0.0,525.0
2025-08-27 07:59:00,6107.59,220.806,4014.84,0.0,2.6,35.3,52.87,31.0,99.0,0.0,0.0,525.0
2025-08-27 08:00:00,6301.19,12.4124,3966.82,1377.02,-3.4,35.3,52.6,32.0,99.0,0.0,0.0,525.0
2025-08-27 08:01:00,6603.14,-87.1829,3668.07,2816.5,-2.7,35.2,52.26,33.0,99.0,0.0,0.0,525.0
2025-08-27 08:02:00,6832.35,-60.7171,3810.21,2771.72,0.7,35.2,52.01,33.0,99.0,0.0,0.0,525.0
2025-08-27 08:03:00,7310.74,-9.06738,3776.24,2623.02,-0.5,35.2,52.01,33.0,99.0,0.0,0.0,525.0
2025-08-27 08:04:00,7646.21,-24.8973,3366.79,3489.0,-2.3,35.2,51.87,33.0,99.0,0.0,0.0,525.0
2025-08-27 08:05:00,7858.19,-8.41665,3411.07,3818.14,-16.9,35.2,51.46,33.0,99.0,0.0,0.0,525.0
2025-08-27 08:06:00,8056.49,-448.335,-4539.35,16758.9,-6.7,35.2,50.79,32.0,99.0,0.0,0.0,525.0
2025-08-27 08:07:00,8126.93,-275.868,-4995.47,15718.2,-5.1,35.2,50.34,32.0,99.0,0.0,0.0,525.0
2025-08-27 08:08:00,7992.25,202.1,22.5088,6916.14,4.1,35.2,50.86,32.0,99.0,0.0,0.0,525.0
2025-08-27 08:09:00,7716.12,198.152,3643.03,1033.48,0.0,35.2,51.17,32.0,99.0,0.0,0.0,525.0
2025-08-27 08:10:00,7419.07,228.799,3720.47,416.737,6.8,35.2,51.86,32.0,99.0,0.0,0.0,525.0
2025-08-27 08:11:00,6981.79,113.934,3668.69,592.414,-2.2,35.2,52.01,32.0,99.0,0.0,0.0,525.0
2025-08-27 08:12:00,6599.86,114.879,3661.37,519.877,4.4,35.2,52.68,32.0,99.0,0.0,0.0,525.0
2025-08-27 08:13:00,6203.19,15.1963,3661.91,1245.02,-1.0,35.2,52.51,32.0,99.0,0.0,0.0,525.0
2025-08-27 08:14:00,6119.44,-42.0484,3631.81,1816.82,2.0,35.2,52.39,32.0,99.0,0.0,0.0,525.0
2025-08-27 08:15:00,6007.21,-263.855,1968.16,5493.69,-17.6,35.2,51.09,32.0,99.0,0.0,0.0,525.0
2025-08-27 08:16:00,5950.82,-388.5,-5220.82,15501.1,-3.6,35.2,50.61,32.0,99.0,0.0,0.0,525.0
2025-08-27 08:17:00,5890.45,-299.155,-5198.55,13943.1,0.6,35.2,50.29,32.0,99.0,0.0,0.0,525.0
2025-08-27 08:18:00,5973.18,469.354,1163.75,3654.98,9.3,35.2,51.22,32.0,99.0,0.0,0.0,525.0
2025-08-27 08:19:00,5752.86,256.971,3615.6,0.0,1.0,35.2,51.77,32.0,99.0,0.0,0.0,525.0
2025-08-27 08:20:00,5632.58,207.32,3732.11,0.0,3.9,35.2,52.64,32.0,99.0,0.0,0.0,525.0
2025-08-27 08:21:00,5656.98,60.9871,3976.16,592.586,-2.4,35.2,52.62,32.0,99.0,0.0,0.0,525.0
2025-08-27 08:22:00,5706.42,-30.648,3835.75,1410.14,-1.7,35.2,52.41,32.0,99.0,0.0,0.0,525.0
2025-08-27 08:23:00,5682.41,-13.655,3815.98,1136.0,0.2,35.2,52.45,32.0,99.0,0.0,0.0,525.0
2025-08-27 08:24:00,5700.12,14.3113,3711.44,1350.86,-3.5,35.2,52.35,32.0,99.0,0.0,0.0,525.0
2025-08-27 08:25:00,5791.0,-617.757,-3817.09,15616.6,-20.9,35.2,50.55,31.0,99.0,0.0,0.0,525.0
2025-08-27 08:26:00,5944.51,-272.56,-4753.61,13533.7,-0.9,35.1,50.44,31.0,99.0,0.0,0.0,525.0
2025-08-27 08:27:00,6107.71,93.0826,-2018.55,9105.83,14.4,35.1,50.74,31.0,99.0,0.0,0.0,525.0
2025-08-27 08:28:00,6266.21,441.952,3474.16,0.0,10.1,35.1,51.49,31.0,99.0,0.0,0.0,525.0
2025-08-27 08:29:00,6426.84,92.1075,3911.19,24.3448,1.9,35.1,51.57,31.0,99.0,0.0,0.0,525.0
2025-08-27 08:30:00,6607.63,98.507,3771.26,7.49123,2.0,35.1,51.9,31.0,99.0,0.0,0.0,525.0
2025-08-27 08:31:00,6741.71,100.565,3900.84,15.931,1.8,35.1,52.16,31.0,99.0,0.0,0.0,525.0
2025-08-27 08:32:00,6746.63,117.574,4075.04,367.316,0.0,35.1,52.79,31.0,99.0,0.0,0.0,525.0
2025-08-27 08:33:00,6690.79,2.62035,4057.71,1781.53,-1.0,35.1,52.71,32.0,99.0,0.0,0.0,525.0
2025-08-27 08:34:00,6673.67,-577.146,-3020.95,15306.7,-5.5,35.1,50.93,32.0,99.0,0.0,0.0,525.0
2025-08-27 08:35:00,6748.1,-252.563,-4478.21,13681.8,-4.2,35.1,50.52,32.0,99.0,0.0,0.0,525.0
2025-08-27 08:36:00,6932.07,-249.568,-4312.65,13559.6,-13.6,35.1,50.19,31.0,99.0,0.0,0.0,525.0
2025-08-27 08:37:00,7127.66,196.08,3414.33,1991.84,4.0,35.1,50.7,31.0,99.0,0.0,0.0,525.0
2025-08-27 08:38:00,7252.98,215.61,4001.02,579.456,-1.5,35.1,50.93,31.0,99.0,0.0,0.0,525.0
2025-08-27 08:39:00,7339.05,175.837,3980.83,755.138,-4.3,35.1,51.19,31.0,99.0,0.0,0.0,525.0
2025-08-27 08:40:00,7350.18,231.188,3944.7,419.298,7.6,35.1,51.87,31.0,99.0,0.0,0.0,525.0
2025-08-27 08:41:00,7398.53,152.591,4122.0,562.69,0.0,35.1,52.22,31.0,99.0,0.0,0.0,525.0
2025-08-27 08:42:00,7553.89,83.6448,3675.88,1620.75,3.6,35.1,52.86,31.0,99.0,0.0,0.0,525.0
2025-08-27 08:43:00,7848.84,-397.438,450.793,10736.1,-13.4,35.1,51.0,31.0,99.0,0.0,0.0,525.0
2025-08-27 08:44:00,7904.25,-256.495,-4415.3,15286.8,-13.1,35.1,50.6,31.0,99.0,0.0,0.0,525.0
2025-08-27 08:45:00,8010.95,-278.92,-4465.81,14877.3,-3.7,35.1,50.41,31.0,99.0,0.0,0.0,525.0
2025-08-27 08:46:00,7982.07,357.993,23.5439,6701.47,11.8,35.1,51.15,31.0,99.0,0.0,0.0,525.0
2025-08-27 08:47:00,7935.45,432.577,4026.07,0.0,5.3,35.1,52.22,31.0,99.0,0.0,0.0,525.0
2025-08-27 08:48:00,7908.79,182.709,4189.33,504.263,2.0,35.1,53.01,31.0,99.0,0.0,0.0,525.0
2025-08-27 08:49:00,7859.93,-53.913,3694.05,3798.31,-4.0,35.1,52.44,32.0,99.0,0.0,0.0,525.0
2025-08-27 08:50:00,7775.67,10.8512,3924.53,2881.0,2.8,35.1,52.62,33.0,99.0,0.0,0.0,525.0
2025-08-27 08:51:00,7727.64,-4.61952,4021.24,2981.9,-3.8,35.1,52.42,33.0,99.0,0.0,0.0,525.0
2025-08-27 08:52:00,7691.3,-296.83,1579.02,8598.81,-10.7,35.1,51.14,32.0,99.0,0.0,0.0,525.0
2025-08-27 08:53:00,7645.95,-262.772,-4353.38,14774.3,-12.4,35.1,50.72,32.0,99.0,0.0,0.0,525.0
2025-08-27 08:54:00,7599.7,-243.848,-4359.95,13998.9,-2.8,35.1,50.54,32.0,99.0,0.0,0.0,525.0
2025-08-27 08:55:00,7520.69,118.313,531.19,6470.55,12.6,35.1,50.87,32.0,99.0,0.0,0.0,525.0
2025-08-27 08:56:00,7350.07,128.509,3954.18,1435.6,0.8,35.1,50.95,32.0,99.0,0.0,0.0,525.0
2025-08-27 08:57:00,7140.62,97.0066,4041.12,953.759,-2.2,35.1,51.0,32.0,99.0,0.0,0.0,525.0
2025-08-27 08:58:00,6935.35,212.912,3907.33,352.912,-2.0,35.0,51.6,32.0,99.0,0.0,0.0,525.0
2025-08-27 08:59:00,6801.45,109.327,3736.48,656.776,6.7,35.0,52.07,32.0,99.0,0.0,0.0,525.0
2025-08-27 09:00:00,6757.04,132.789,3828.75,654.614,5.2,35.0,52.48,32.0,99.0,0.0,0.0,525.0
2025-08-27 09:01:00,6815.26,-487.393,-2495.57,14150.9,0.7,35.0,50.94,32.0,99.0,0.0,0.0,525.0
2025-08-27 09:02:00,6966.33,-243.366,-4348.0,13758.3,-12.1,35.0,50.48,32.0,99.0,0.0,0.0,525.0
2025-08-27 09:03:00,7209.02,-269.115,-4461.16,13922.6,-0.3,35.0,50.29,31.0,99.0,0.0,0.0,525.0
2025-08-27 09:04:00,7570.4,546.051,1927.58,3447.75,11.5,35.0,51.27,31.0,99.0,0.0,0.0,525.0
2025-08-27 09:05:00,8026.59,394.005,4173.71,0.0,5.1,35.0,52.18,31.0,99.0,0.0,0.0,525.0
2025-08-27 09:06:00,8587.04,183.18,4340.51,845.456,2.0,35.0,52.98,31.0,99.0,0.0,0.0,525.0
2025-08-27 09:07:00,9222.81,-15.151,4160.22,4335.81,0.7,34.9,52.73,33.0,99.0,0.0,0.0,525.0
2025-08-27 09:08:00,9955.53,-23.4014,4045.96,5138.89,2.6,34.9,52.56,33.0,99.0,0.0,0.0,525.0
2025-08-27 09:09:00,11606.3,6.53569,4113.79,6585.52,1.5,34.9,52.63,33.0,99.0,0.0,0.0,525.0
2025-08-27 09:10:00,11460.9,-519.07,-3106.16,19486.8,-2.4,34.9,50.99,33.0,99.0,0.0,0.0,525.0
2025-08-27 09:11:00,12331.1,-233.026,-4450.36,19008.8,-12.8,34.9,50.45,32.0,99.0,0.0,0.0,525.0
2025-08-27 09:12:00,13345.3,-287.843,-4560.25,20326.6,-0.6,34.9,50.27,32.0,99.0,0.0,0.0,525.0
2025-08-27 09:13:00,14884.7,308.62,3603.66,7340.47,0.6,34.9,50.72,32.0,99.0,0.0,0.0,525.0
2025-08-27 09:14:00,20039.9,135.497,3781.82,12881.9,7.1,34.9,51.05,32.0,99.0,0.0,0.0,525.0
2025-08-27 09:15:00,23835.3,193.633,3658.34,16192.9,10.2,34.9,51.54,32.0,99.0,0.0,0.0,525.0
2025-08-27 09:16:00,27039.8,219.889,3774.58,19110.6,5.0,34.9,52.2,32.0,99.0,0.0,0.0,525.0
2025-08-27 09:17:00,22819.0,136.521,3569.28,16046.3,2.9,34.9,52.83,32.0,99.0,0.0,0.0,525.0
2025-08-27 09:18:00,18128.3,-323.774,1296.09,4287.04,-12.8,34.9,51.1,32.0,99.0,0.0,0.0,525.0
2025-08-27 09:19:00,23306.4,-366.784,-4625.79,9462.24,-12.5,34.9,50.54,32.0,99.0,0.0,0.0,525.0
2025-08-27 09:20:00,22976.8,-270.052,-4642.47,20941.8,-4.0,34.9,50.28,32.0,99.0,0.0,0.0,525.0
2025-08-27 09:21:00,25903.2,258.92,-1168.57,7063.5,13.9,34.9,50.99,32.0,99.0,0.0,0.0,525.0
2025-08-27 09:22:00,25739.9,487.902,3787.96,13458.5,6.1,34.9,52.04,32.0,99.0,0.0,0.0,525.0
2025-08-27 09:23:00,25112.5,217.785,3977.53,16692.0,2.5,34.9,52.89,32.0,99.0,0.0,0.0,525.0
2025-08-27 09:24:00,21424.6,-5.25509,3768.96,16778.9,-3.9,34.9,52.58,33.0,99.0,0.0,0.0,525.0
2025-08-27 09:25:00,13804.6,-12.0708,3927.81,9061.76,-2.8,34.9,52.6,33.0,99.0,0.0,0.0,525.0
2025-08-27 09:26:00,13316.0,-287.862,2055.49,13249.4,-12.8,34.9,51.14,33.0,99.0,0.0,0.0,525.0
2025-08-27 09:27:00,13176.6,-331.364,-4597.57,21648.7,-9.0,34.9,50.65,32.0,99.0,0.0,0.0,525.0
2025-08-27 09:28:00,13187.7,-334.944,-4482.39,20783.3,3.2,34.9,50.3,32.0,99.0,0.0,0.0,525.0
2025-08-27 09:29:00,13077.9,21.478,-2771.83,16062.0,15.9,34.9,50.61,32.0,99.0,0.0,0.0,525.0
2025-08-27 09:30:00,12810.5,491.93,3950.33,1929.68,8.1,34.9,51.31,32.0,99.0,0.0,0.0,525.0
2025-08-27 09:31:00,12601.2,233.266,3847.62,3551.36,0.8,34.9,51.81,32.0,99.0,0.0,0.0,525.0
2025-08-27 09:32:00,12610.1,88.5883,4122.81,5221.46,2.0,34.9,51.98,32.0,99.0,0.0,0.0,525.0
2025-08-27 09:33:00,12697.6,100.919,4195.88,5251.02,1.9,34.9,52.42,32.0,99.0,0.0,0.0,525.0
2025-08-27 09:34:00,12883.2,74.2941,4077.54,6453.77,-1.0,34.9,52.49,32.0,99.0,0.0,0.0,525.0
2025-08-27 09:35:00,13285.5,-480.054,-4085.19,21968.8,-5.4,34.9,51.08,32.0,99.0,0.0,0.0,525.0
2025-08-27 09:36:00,13526.4,-315.57,-4346.35,20634.6,-10.7,34.9,50.51,32.0,99.0,0.0,0.0,525.0
2025-08-27 09:37:00,13742.3,39.3713,-2204.07,15787.2,1.0,34.9,50.77,32.0,99.0,0.0,0.0,525.0
2025-08-27 09:38:00,13749.0,30.4971,3681.47,8594.81,-1.0,34.9,50.81,32.0,99.0,0.0,0.0,525.0
2025-08-27 09:39:00,13017.0,73.5671,3894.86,7138.22,9.0,34.9,51.0,32.0,99.0,0.0,0.0,525.0
2025-08-27 09:40:00,12841.6,136.503,3999.44,6066.04,12.5,34.9,51.29,32.0,99.0,0.0,0.0,525.0
2025-08-27 09:41:00,12685.0,106.711,4148.16,5918.48,6.0,34.9,51.42,32.0,99.0,0.0,0.0,525.0
2025-08-27 09:42:00,12764.8,-288.224,1012.35,13097.0,-11.1,34.9,50.65,31.0,99.0,0.0,0.0,525.0
2025-08-27 09:43:00,12859.2,-313.915,-4383.55,20401.0,-12.4,34.9,50.18,31.0,99.0,0.0,0.0,525.0
2025-08-27 09:44:00,12891.6,-243.569,-4366.44,19348.8,-13.8,34.9,50.0,31.0,99.0,0.0,0.0,525.0
2025-08-27 09:45:00,13041.7,418.642,3519.47,4171.03,14.9,34.9,50.82,31.0,99.0,0.0,0.0,525.0
2025-08-27 09:46:00,12905.9,517.103,4129.25,552.632,8.0,34.9,51.78,31.0,99.0,0.0,0.0,525.0
2025-08-27 09:47:00,12424.7,266.311,4264.76,2683.91,3.0,34.9,52.79,31.0,99.0,0.0,0.0,525.0
2025-08-27 09:48:00,12502.1,61.1434,4291.16,6556.56,0.5,34.9,52.85,32.0,99.0,0.0,0.0,525.0
2025-08-27 09:49:00,13830.5,-21.8276,4152.41,9054.95,0.3,34.9,52.7,32.0,99.0,0.0,0.0,525.0
2025-08-27 09:50:00,12517.0,-29.7909,3904.56,8067.96,-1.2,34.9,52.51,32.0,99.0,0.0,0.0,525.0
2025-08-27 09:51:00,12104.3,-6.36545,4054.74,7253.55,-3.0,34.9,52.38,32.0,99.0,0.0,0.0,525.0
2025-08-27 09:52:00,12182.0,12.7502,3989.88,7047.63,2.4,34.9,52.6,32.0,99.0,0.0,0.0,525.0
2025-08-27 09:53:00,11931.6,-466.856,-1437.62,17865.8,-21.6,34.9,50.79,32.0,99.0,0.0,0.0,525.0
2025-08-27 09:54:00,11409.4,-246.42,-4754.47,18685.0,-10.0,34.9,50.57,32.0,99.0,0.0,0.0,525.0
2025-08-27 09:55:00,12214.8,-10.6908,-2837.5,15196.4,11.6,34.8,50.86,31.0,99.0,0.0,0.0,525.0
2025-08-27 09:56:00,10859.8,263.014,3912.32,2843.11,14.6,34.8,51.38,31.0,99.0,0.0,0.0,525.0
2025-08-27 09:57:00,10561.1,162.292,4115.22,2812.16,8.1,34.8,51.64,31.0,99.0,0.0,0.0,525.0
2025-08-27 09:58:00,10261.0,211.785,3970.68,2431.61,5.7,34.8,52.24,31.0,99.0,0.0,0.0,525.0
2025-08-27 09:59:00,10456.9,110.77,3908.14,3718.36,-0.3,34.8,52.67,31.0,99.0,0.0,0.0,525.0
2025-08-27 10:00:00,11222.1,38.0613,4257.54,5375.58,2.9,34.8,52.78,32.0,99.0,0.0,0.0,525.0
2025-08-27 10:01:00,11844.2,3.96462,4144.66,6732.26,-2.8,34.8,52.63,31.0,99.0,0.0,0.0,525.0
2025-08-27 10:02:00,16094.6,5.72545,4119.11,10897.1,2.0,34.8,52.67,31.0,99.0,0.0,0.0,525.0
2025-08-27 10:03:00,16989.1,-294.793,1926.43,4458.19,-9.0,34.8,51.24,31.0,99.0,0.0,0.0,525.0
2025-08-27 10:04:00,23146.8,-387.325,-4773.56,-7940.7,0.7,34.8,50.83,31.0,99.0,0.0,0.0,525.0
2025-08-27 10:05:00,18331.3,-251.127,-4653.91,25182.8,0.2,34.8,50.39,31.0,99.0,0.0,0.0,525.0
2025-08-27 10:06:00,20794.3,222.427,1859.49,16234.3,7.8,34.8,50.86,31.0,99.0,0.0,0.0,525.0
2025-08-27 10:07:00,18395.8,63.2614,3989.72,12185.2,11.1,34.8,51.0,31.0,99.0,0.0,0.0,525.0
2025-08-27 10:08:00,26987.8,121.299,3737.54,20584.2,11.2,34.8,51.25,31.0,99.0,0.0,0.0,525.0
2025-08-27 10:09:00,25461.0,159.841,3785.69,18485.9,12.1,34.8,51.56,31.0,99.0,0.0,0.0,525.0
2025-08-27 10:10:00,24777.6,165.379,3779.21,17477.8,10.8,34.8,52.04,31.0,99.0,0.0,0.0,525.0
2025-08-27 10:11:00,23954.3,177.987,4014.93,16674.1,-2.4,34.8,52.41,31.0,99.0,0.0,0.0,525.0
2025-08-27 10:12:00,20017.8,62.3009,4105.21,13782.2,2.6,34.8,52.88,31.0,99.0,0.0,0.0,525.0
2025-08-27 10:13:00,19088.0,20.3423,4100.28,13766.5,0.0,34.8,52.84,31.0,99.0,0.0,0.0,525.0
2025-08-27 10:14:00,19295.0,-541.775,-4273.4,17470.5,-2.7,34.8,51.0,31.0,99.0,0.0,0.0,525.0
2025-08-27 10:15:00,24953.8,-269.953,-4673.69,-7253.33,-9.7,34.8,50.43,31.0,99.0,0.0,0.0,525.0
2025-08-27 10:16:00,20175.9,-68.1762,-193.912,20995.9,2.2,34.8,50.49,30.0,99.0,0.0,0.0,525.0
2025-08-27 10:17:00,21430.3,-42.534,4057.62,16886.0,-1.6,34.8,50.49,30.0,99.0,0.0,0.0,525.0
2025-08-27 10:18:00,20106.1,-29.6551,4033.07,15583.1,-3.3,34.8,50.4,30.0,99.0,0.0,0.0,525.0
2025-08-27 10:19:00,19852.0,39.0001,4024.14,14388.7,0.0,34.8,50.47,30.0,99.0,0.0,0.0,525.0
2025-08-27 10:20:00,21511.2,116.351,4020.46,15174.0,9.4,34.8,50.77,30.0,99.0,0.0,0.0,525.0
2025-08-27 10:21:00,23614.6,117.511,4079.31,16737.9,5.1,34.8,50.94,30.0,99.0,0.0,0.0,525.0
2025-08-27 10:22:00,29887.0,202.154,3933.93,22229.6,-0.6,34.8,51.24,30.0,99.0,0.0,0.0,525.0
2025-08-27 10:23:00,33624.7,136.015,3834.14,26607.0,8.6,34.8,51.63,30.0,99.0,0.0,0.0,525.0
2025-08-27 10:24:00,32886.8,-165.377,1920.82,15919.1,-21.0,34.8,50.75,30.0,99.0,0.0,0.0,525.0
2025-08-27 10:25:00,34749.8,-414.396,-5096.83,-21322.8,-13.0,34.8,50.38,30.0,99.0,0.0,0.0,525.0
2025-08-27 10:26:00,29539.5,-226.569,-5137.37,-8190.56,0.4,34.8,50.3,30.0,99.0,0.0,0.0,525.0
2025-08-27 10:27:00,19233.9,359.385,2004.55,13177.5,17.3,34.8,50.93,30.0,99.0,0.0,0.0,525.0
2025-08-27 10:28:00,24715.6,499.485,4150.84,11969.1,7.1,34.8,51.87,30.0,99.0,0.0,0.0,525.0
2025-08-27 10:29:00,31974.6,253.693,4141.5,22527.2,3.0,34.8,52.8,30.0,99.0,0.0,0.0,525.0
2025-08-27 10:30:00,33094.0,50.6786,4050.04,27522.7,2.8,34.8,52.78,31.0,99.0,0.0,0.0,525.0
2025-08-27 10:31:00,24440.3,-40.6714,3818.9,20210.2,-4.2,34.8,52.54,31.0,99.0,0.0,0.0,525.0
2025-08-27 10:32:00,31709.5,-23.8275,3807.25,27051.3,-2.5,34.8,52.52,31.0,99.0,0.0,0.0,525.0
2025-08-27 10:33:00,33581.6,-23.3569,3845.9,28103.5,-2.1,34.8,52.31,31.0,99.0,0.0,0.0,525.0
2025-08-27 10:34:00,30330.0,-28.1162,3842.05,25830.5,-2.7,34.8,52.13,31.0,99.0,0.0,0.0,525.0
2025-08-27 10:35:00,32274.8,-497.378,-4457.1,-20657.0,1.2,34.8,50.86,30.0,99.0,0.0,0.0,525.0
2025-08-27 10:36:00,30775.5,-264.356,-4832.46,-27471.0,-13.0,34.8,50.45,30.0,99.0,0.0,0.0,525.0
2025-08-27 10:37:00,31853.1,44.6987,-1919.6,-9974.57,-1.1,34.8,50.69,30.0,99.0,0.0,0.0,525.0
2025-08-27 10:38:00,31778.3,156.87,3769.09,24507.9,10.7,34.8,50.91,30.0,99.0,0.0,0.0,525.0
2025-08-27 10:39:00,31455.1,83.421,3681.33,24989.1,6.2,34.8,51.15,30.0,99.0,0.0,0.0,525.0
2025-08-27 10:40:00,15095.8,68.1581,3606.65,8770.81,2.3,34.8,51.18,30.0,99.0,0.0,0.0,525.0
2025-08-27 10:41:00,14010.3,148.098,4142.66,6315.53,2.0,34.8,51.65,30.0,99.0,0.0,0.0,525.0
2025-08-27 10:42:00,13971.5,107.991,4238.98,6605.95,2.1,34.8,51.82,30.0,99.0,0.0,0.0,525.0
2025-08-27 10:43:00,14165.7,107.843,4250.53,6654.69,2.2,34.8,52.23,30.0,99.0,0.0,0.0,525.0
2025-08-27 10:44:00,14837.5,116.265,4268.37,7222.49,2.2,34.8,53.0,30.0,99.0,0.0,0.0,525.0
2025-08-27 10:45:00,18806.8,-412.443,-1473.47,19133.9,0.0,34.8,51.17,31.0,99.0,0.0,0.0,525.0
2025-08-27 10:46:00,17233.7,-259.483,-4754.68,24577.6,-9.0,34.8,50.71,30.0,99.0,0.0,0.0,525.0
2025-08-27 10:47:00,14401.9,-228.347,-4245.95,20269.1,27.8,34.8,50.81,30.0,99.0,0.0,0.0,525.0
2025-08-27 10:48:00,14422.9,211.328,4048.39,7554.6,0.0,34.8,50.93,30.0,99.0,0.0,0.0,525.0
2025-08-27 10:49:00,14430.3,79.3327,3895.05,8477.28,-1.3,34.8,51.03,30.0,99.0,0.0,0.0,525.0
2025-08-27 10:50:00,14695.9,47.4866,3860.18,8902.12,-2.1,34.8,51.07,30.0,99.0,0.0,0.0,525.0
2025-08-27 10:51:00,15321.7,48.6636,3828.9,9510.62,10.4,34.8,51.21,30.0,99.0,0.0,0.0,525.0
2025-08-27 10:52:00,16300.1,159.054,3912.18,9268.98,-1.7,34.8,51.63,30.0,99.0,0.0,0.0,525.0
2025-08-27 10:53:00,17453.1,202.611,4002.12,9486.71,3.9,34.8,52.35,30.0,99.0,0.0,0.0,525.0
2025-08-27 10:54:00,18488.8,86.5807,4032.75,11972.2,-4.1,34.8,52.53,30.0,99.0,0.0,0.0,525.0
2025-08-27 10:55:00,24703.3,-214.772,711.19,334.966,-10.9,34.8,51.31,30.0,99.0,0.0,0.0,525.0
2025-08-27 10:56:00,33005.1,-304.031,-4813.84,-24799.1,-13.2,34.8,50.77,30.0,99.0,0.0,0.0,525.0
2025-08-27 10:57:00,34886.0,-234.619,-5156.47,-23258.3,-7.3,34.8,50.47,30.0,99.0,0.0,0.0,525.0
2025-08-27 10:58:00,23261.8,435.296,2864.19,9599.54,9.2,34.8,51.65,30.0,99.0,0.0,0.0,525.0
2025-08-27 10:59:00,18775.1,142.979,3645.28,10975.4,1.8,34.8,51.87,30.0,99.0,0.0,0.0,525.0
2025-08-27 11:00:00,18890.3,105.023,3571.28,12012.2,2.3,34.8,52.23,30.0,99.0,0.0,0.0,525.0
2025-08-27 11:01:00,19191.5,105.981,3654.31,12295.5,2.4,34.8,52.8,30.0,99.0,0.0,0.0,525.0
2025-08-27 11:02:00,19055.1,21.6068,3720.93,13847.4,-1.4,34.8,52.66,30.0,99.0,0.0,0.0,525.0
2025-08-27 11:03:00,18806.4,-50.7461,3610.1,14805.1,0.4,34.8,52.35,31.0,99.0,0.0,0.0,525.0
2025-08-27 11:04:00,18245.2,-346.668,1394.96,10291.3,-7.3,34.8,51.17,30.0,99.0,0.0,0.0,525.0
2025-08-27 11:05:00,17747.3,-260.414,-4860.02,25477.5,-8.0,34.8,50.67,30.0,99.0,0.0,0.0,525.0
2025-08-27 11:06:00,17549.2,-260.571,-4834.23,24469.7,1.0,34.8,50.5,30.0,99.0,0.0,0.0,525.0
2025-08-27 11:07:00,17641.7,-111.436,-2473.5,21189.3,-1.6,34.8,50.33,30.0,99.0,0.0,0.0,525.0
2025-08-27 11:08:00,17975.9,107.766,3902.19,11830.1,-5.4,34.8,50.51,30.0,99.0,0.0,0.0,525.0
2025-08-27 11:09:00,18838.9,82.4333,3877.12,12546.4,-0.2,34.8,50.52,30.0,99.0,0.0,0.0,525.0
2025-08-27 11:10:00,22848.6,139.682,3848.42,15885.1,4.0,34.8,50.95,30.0,99.0,0.0,0.0,525.0
2025-08-27 11:11:00,36997.0,77.0929,3704.03,12556.6,-2.1,34.8,50.98,30.0,99.0,0.0,0.0,525.0
2025-08-27 11:12:00,42552.1,-200.497,576.947,-15607.5,-11.7,34.8,50.49,30.0,99.0,0.0,0.0,525.0
2025-08-27 11:13:00,44751.7,-341.23,-5314.03,-12497.3,-12.8,34.8,50.12,30.0,99.0,0.0,0.0,525.0
2025-08-27 11:14:00,42253.7,-291.799,-5220.35,-15656.1,-0.4,34.8,49.99,30.0,99.0,0.0,0.0,525.0
2025-08-27 11:15:00,41138.5,131.506,-2568.29,-3914.88,23.1,34.8,50.44,29.0,99.0,0.0,0.0,525.0
2025-08-27 11:16:00,40149.2,588.689,3581.21,22832.9,9.1,34.9,50.98,29.0,99.0,0.0,0.0,525.0
2025-08-27 11:17:00,39512.9,125.474,3642.72,13243.5,1.4,34.9,50.99,29.0,99.0,0.0,0.0,525.0
2025-08-27 11:18:00,41406.9,256.105,3433.42,-9524.16,7.3,34.9,51.7,29.0,99.0,0.0,0.0,525.0
2025-08-27 11:19:00,42324.3,280.375,3792.79,-4135.95,3.2,34.9,52.67,29.0,99.0,0.0,0.0,525.0
2025-08-27 11:20:00,42283.4,-197.029,1593.79,-23786.9,-13.4,34.9,51.31,30.0,99.0,0.0,0.0,525.0
2025-08-27 11:21:00,42438.5,-320.476,-5172.77,-14443.1,1.2,34.9,50.96,30.0,99.0,0.0,0.0,525.0
2025-08-27 11:22:00,41962.5,-292.487,-5228.62,-15650.9,-0.6,34.9,50.52,30.0,99.0,0.0,0.0,525.0
2025-08-27 11:23:00,42273.4,-15.3214,-3151.79,-8504.63,13.6,34.9,50.68,29.0,99.0,0.0,0.0,525.0
2025-08-27 11:24:00,42524.1,49.8149,3678.93,-28281.9,-1.4,34.9,50.61,29.0,99.0,0.0,0.0,525.0
2025-08-27 11:25:00,42267.2,40.9644,3565.46,-27256.6,-0.4,34.9,50.6,29.0,99.0,0.0,0.0,525.0
2025-08-27 11:26:00,42040.9,122.307,3651.07,-23630.9,-1.5,34.9,50.83,29.0,99.0,0.0,0.0,525.0
2025-08-27 11:27:00,41212.9,16.4384,3540.12,-29562.9,-2.7,34.9,50.84,29.0,99.0,0.0,0.0,525.0
2025-08-27 11:28:00,41334.3,-396.853,-699.517,-20197.5,-12.3,34.9,50.17,29.0,99.0,0.0,0.0,525.0
2025-08-27 11:29:00,35519.8,-285.962,-5353.33,-21988.5,0.0,34.9,50.08,29.0,99.0,0.0,0.0,525.0
2025-08-27 11:30:00,39359.8,-264.94,-5150.6,-18673.1,0.2,34.9,49.86,29.0,99.0,0.0,0.0,525.0
2025-08-27 11:31:00,42542.1,-45.7326,-1509.77,-21359.9,6.0,34.9,49.95,29.0,99.0,0.0,0.0,525.0
2025-08-27 11:32:00,42295.6,331.937,3408.28,-19781.6,4.8,34.9,50.2,29.0,99.0,0.0,0.0,525.0
2025-08-27 11:33:00,41317.4,173.027,3471.54,-18928.1,3.1,34.9,50.34,29.0,99.0,0.0,0.0,525.0
2025-08-27 11:34:00,41247.6,257.023,3372.53,-9918.91,15.6,34.9,50.82,29.0,99.0,0.0,0.0,525.0
2025-08-27 11:35:00,40707.6,213.102,3585.18,-3862.02,0.9,34.9,50.88,29.0,99.0,0.0,0.0,525.0
2025-08-27 11:36:00,40263.4,-677.249,-5173.26,-11948.9,2.9,34.9,50.02,28.0,99.0,0.0,0.0,525.0
2025-08-27 11:37:00,41501.9,-275.182,-5312.02,-16266.1,-4.3,34.9,49.84,28.0,99.0,0.0,0.0,525.0
2025-08-27 11:38:00,41536.4,-250.765,-5173.43,-15576.2,-11.6,34.9,49.69,28.0,99.0,0.0,0.0,525.0
2025-08-27 11:39:00,41986.7,78.8287,-828.632,-16927.5,1.1,34.9,50.04,28.0,99.0,0.0,0.0,525.0
2025-08-27 11:40:00,41859.0,328.877,3478.64,-12204.0,19.4,34.9,50.29,28.0,99.0,0.0,0.0,525.0
2025-08-27 11:41:00,34464.7,226.031,3231.19,2994.54,0.7,34.9,50.32,28.0,99.0,0.0,0.0,525.0
2025-08-27 11:42:00,20825.0,81.9401,3436.33,14421.2,6.1,35.0,50.33,28.0,99.0,0.0,0.0,525.0
2025-08-27 11:43:00,18594.2,-306.079,-637.982,19928.5,-14.2,35.0,49.78,28.0,99.0,0.0,0.0,525.0
2025-08-27 11:44:00,19889.2,-357.434,-5035.72,27656.4,-0.6,35.0,49.79,28.0,99.0,0.0,0.0,525.0
2025-08-27 11:45:00,23342.8,-326.679,-4990.54,5774.86,-13.6,35.0,49.66,28.0,99.0,0.0,0.0,525.0
2025-08-27 11:46:00,23793.1,-292.951,-5085.26,16233.8,-13.3,35.0,49.55,27.0,99.0,0.0,0.0,525.0
2025-08-27 11:47:00,31084.4,732.349,2727.12,21015.2,14.3,35.0,50.22,27.0,99.0,0.0,0.0,525.0
2025-08-27 11:48:00,37918.9,191.818,3150.83,-5318.4,2.7,35.0,50.15,27.0,99.0,0.0,0.0,525.0
2025-08-27 11:49:00,22885.1,146.446,3471.44,15875.1,4.3,35.0,50.22,27.0,99.0,0.0,0.0,525.0
2025-08-27 11:50:00,27229.5,592.747,3430.43,15484.5,6.2,35.0,50.91,27.0,99.0,0.0,0.0,525.0
2025-08-27 11:51:00,28748.8,-548.574,-4126.74,-21973.5,-4.4,35.0,50.11,27.0,99.0,0.0,0.0,525.0
2025-08-27 11:52:00,33080.1,-278.021,-5232.84,-23916.0,-5.6,35.0,49.86,27.0,99.0,0.0,0.0,525.0
2025-08-27 11:53:00,38755.1,-256.007,-5766.98,-19086.6,-10.9,35.0,49.79,27.0,99.0,0.0,0.0,525.0
2025-08-27 11:54:00,46125.1,211.445,-1936.26,-19920.6,15.0,35.0,50.25,27.0,99.0,0.0,0.0,525.0
2025-08-27 11:55:00,44522.2,386.492,3232.53,-5768.51,4.8,35.0,50.3,27.0,99.0,0.0,0.0,525.0
2025-08-27 11:56:00,43674.4,481.014,3565.29,-3461.41,-4.3,35.0,50.78,27.0,99.0,0.0,0.0,525.0
2025-08-27 11:57:00,51153.0,171.373,3129.19,-22652.8,13.0,35.0,51.29,27.0,99.0,0.0,0.0,525.0
2025-08-27 11:58:00,50753.3,-8.07947,163.534,-13792.8,-13.8,35.0,50.7,27.0,99.0,0.0,0.0,525.0
2025-08-27 11:59:00,51793.0,-391.59,-5756.0,-4525.7,-14.1,35.1,50.23,26.0,99.0,0.0,0.0,525.0
2025-08-27 12:00:00,53373.5,-205.334,-5455.29,-4599.14,-12.7,35.0,50.09,26.0,99.0,0.0,0.0,525.0
2025-08-27 12:01:00,49560.5,-320.08,-5828.42,-7435.65,-5.1,35.0,49.96,26.0,99.0,0.0,0.0,525.0
2025-08-27 12:02:00,45589.9,499.769,2349.71,-14508.8,1.6,35.1,50.4,26.0,99.0,0.0,0.0,525.0
2025-08-27 12:03:00,28020.8,375.535,3608.84,18337.9,8.9,35.1,51.12,26.0,99.0,0.0,0.0,525.0
2025-08-27 12:04:00,21025.7,416.628,4184.82,8751.56,5.9,35.1,52.04,26.0,99.0,0.0,0.0,525.0
2025-08-27 12:05:00,19175.3,201.133,4115.09,9695.47,-11.5,35.1,52.38,26.0,99.0,0.0,0.0,525.0
2025-08-27 12:06:00,19054.5,-586.682,-5239.4,12553.5,-8.5,35.1,50.79,26.0,99.0,0.0,0.0,525.0
2025-08-27 12:07:00,18516.1,-310.585,-5237.72,26683.1,-11.7,35.1,50.31,26.0,99.0,0.0,0.0,525.0
2025-08-27 12:08:00,18567.6,-261.567,-5339.95,26142.0,-4.7,35.1,50.15,26.0,99.0,0.0,0.0,525.0
2025-08-27 12:09:00,18383.8,461.191,1162.33,12141.4,10.8,35.2,50.98,26.0,99.0,0.0,0.0,525.0
2025-08-27 12:10:00,18130.9,452.569,4161.75,5852.49,7.6,35.2,51.87,26.0,99.0,0.0,0.0,525.0
2025-08-27 12:11:00,17810.2,250.586,4174.72,8358.97,2.9,35.2,52.79,26.0,99.0,0.0,0.0,525.0
2025-08-27 12:12:00,16628.5,12.3801,3886.0,11023.9,1.0,35.2,52.56,26.0,99.0,0.0,0.0,525.0
2025-08-27 12:13:00,16396.3,-22.063,3810.43,11917.7,-3.5,35.2,52.52,26.0,99.0,0.0,0.0,525.0
2025-08-27 12:14:00,17020.3,-357.138,-1814.46,21825.7,0.7,35.2,51.25,26.0,99.0,0.0,0.0,525.0
2025-08-27 12:15:00,18233.0,-339.498,-5137.48,26480.8,-12.9,35.2,50.54,26.0,99.0,0.0,0.0,525.0
2025-08-27 12:16:00,22461.9,-274.525,-5174.25,21891.1,-4.8,35.2,50.3,26.0,99.0,0.0,0.0,525.0
2025-08-27 12:17:00,31971.2,117.164,382.431,4047.17,-5.6,35.2,50.53,26.0,99.0,0.0,0.0,525.0
2025-08-27 12:18:00,48871.5,136.11,3258.33,-22703.0,2.7,35.2,50.84,26.0,99.0,0.0,0.0,525.0
2025-08-27 12:19:00,48215.3,143.97,3306.29,-24260.6,1.9,35.2,51.02,26.0,99.0,0.0,0.0,525.0
2025-08-27 12:20:00,47467.3,100.857,3403.58,-24792.4,2.0,35.2,51.26,26.0,99.0,0.0,0.0,525.0
2025-08-27 12:21:00,45792.3,121.321,3391.71,-26564.8,3.1,35.2,51.46,26.0,99.0,0.0,0.0,525.0
2025-08-27 12:22:00,45609.0,-279.063,-204.544,-18634.9,-1.0,35.2,50.73,25.0,99.0,0.0,0.0,525.0
2025-08-27 12:23:00,43016.9,-315.926,-5376.17,-13891.0,1.4,35.2,50.44,25.0,99.0,0.0,0.0,525.0
2025-08-27 12:24:00,46320.1,-275.564,-5383.32,-11356.8,-8.7,35.2,50.06,25.0,99.0,0.0,0.0,525.0
2025-08-27 12:25:00,48238.4,52.0505,-3190.69,-13727.4,16.2,35.2,50.45,25.0,99.0,0.0,0.0,525.0
2025-08-27 12:26:00,45815.0,283.702,3674.91,-28198.2,2.7,35.2,50.68,25.0,99.0,0.0,0.0,525.0
2025-08-27 12:27:00,42774.8,434.291,3685.84,8180.97,8.9,35.2,51.46,25.0,99.0,0.0,0.0,525.0
2025-08-27 12:28:00,47314.1,334.615,3918.91,-21066.8,4.5,35.2,52.46,25.0,99.0,0.0,0.0,525.0
2025-08-27 12:29:00,49255.3,-296.84,314.052,-15180.9,-19.4,35.3,50.88,25.0,99.0,0.0,0.0,525.0
2025-08-27 12:30:00,44779.4,-446.706,-5597.3,-10543.4,-5.8,35.3,50.45,25.0,99.0,0.0,0.0,525.0
2025-08-27 12:31:00,42146.1,-292.329,-5189.34,-15040.7,-0.3,35.3,50.2,25.0,99.0,0.0,0.0,525.0
2025-08-27 12:32:00,47862.3,-399.701,-5557.39,-7605.82,-1.0,35.3,49.99,24.0,99.0,0.0,0.0,525.0
2025-08-27 12:33:00,43868.3,276.778,2397.76,-27093.6,4.8,35.3,50.21,24.0,99.0,0.0,0.0,525.0
2025-08-27 12:34:00,47082.8,208.329,3531.86,-25837.2,3.6,35.3,50.4,24.0,99.0,0.0,0.0,525.0
2025-08-27 12:35:00,28514.3,168.092,3251.4,6655.91,3.3,35.3,50.64,24.0,99.0,0.0,0.0,525.0
2025-08-27 12:36:00,22134.9,132.115,3311.72,14369.5,2.0,35.3,50.7,24.0,99.0,0.0,0.0,525.0
2025-08-27 12:37:00,30414.3,-457.567,-5069.02,-24543.7,2.2,35.3,50.12,24.0,99.0,0.0,0.0,525.0
2025-08-27 12:38:00,28124.7,-284.353,-5070.04,-10146.5,-15.1,35.3,49.84,24.0,99.0,0.0,0.0,525.0
2025-08-27 12:39:00,29611.6,-263.568,-5013.9,-25531.1,0.2,35.3,49.81,24.0,99.0,0.0,0.0,525.0
2025-08-27 12:40:00,33544.8,365.153,-336.404,614.351,13.4,35.3,50.33,24.0,99.0,0.0,0.0,525.0
2025-08-27 12:41:00,29228.8,527.357,3705.16,17915.1,-4.6,35.3,50.63,24.0,99.0,0.0,0.0,525.0
2025-08-27 12:42:00,24663.6,394.811,3663.4,13585.3,10.3,35.3,51.43,24.0,99.0,0.0,0.0,525.0
2025-08-27 12:43:00,21299.2,281.355,4010.83,11030.2,6.3,35.3,52.09,24.0,99.0,0.0,0.0,525.0
2025-08-27 12:44:00,28882.5,-242.833,-841.772,-5176.0,-7.0,35.3,50.99,24.0,99.0,0.0,0.0,525.0
2025-08-27 12:45:00,35455.1,-339.113,-5383.55,-21283.3,1.9,35.3,50.56,23.0,99.0,0.0,0.0,525.0
2025-08-27 12:46:00,37222.0,-296.379,-5585.12,-20101.3,2.2,35.3,50.26,23.0,99.0,0.0,0.0,525.0
2025-08-27 12:47:00,29807.5,-277.022,-5212.12,-25768.6,-11.6,35.4,49.91,23.0,99.0,0.0,0.0,525.0
2025-08-27 12:48:00,32716.6,583.041,1466.77,11148.1,8.6,35.4,50.85,23.0,99.0,0.0,0.0,525.0
2025-08-27 12:49:00,33865.4,204.476,3265.95,21845.0,1.5,35.4,51.06,23.0,99.0,0.0,0.0,525.0
2025-08-27 12:50:00,32798.0,107.688,3578.0,23370.8,1.6,35.4,51.19,23.0,99.0,0.0,0.0,525.0
2025-08-27 12:51:00,36251.6,233.118,3214.83,14442.9,1.3,35.4,51.75,23.0,99.0,0.0,0.0,525.0
2025-08-27 12:52:00,38077.5,-714.756,-4484.67,-10442.7,0.2,35.4,50.4,23.0,99.0,0.0,0.0,525.0
2025-08-27 12:53:00,49661.4,-156.738,-5623.5,-8129.29,-5.4,35.4,50.18,23.0,99.0,0.0,0.0,525.0
2025-08-27 12:54:00,50391.6,-231.472,-5850.0,-7269.25,-0.5,35.4,50.03,23.0,99.0,0.0,0.0,525.0
2025-08-27 12:55:00,50945.0,-69.0061,-3501.67,-10742.1,7.1,35.4,50.19,22.0,99.0,0.0,0.0,525.0
2025-08-27 12:56:00,45539.7,232.199,2444.93,-11238.6,3.8,35.5,50.21,22.0,99.0,0.0,0.0,525.0
2025-08-27 12:57:00,22451.4,149.155,3282.56,15722.1,2.6,35.5,50.36,22.0,99.0,0.0,0.0,525.0
2025-08-27 12:58:00,21167.0,120.854,3502.9,14468.7,2.4,35.5,50.47,22.0,99.0,0.0,0.0,525.0
2025-08-27 12:59:00,20991.9,-175.841,-158.737,18620.3,-11.3,35.5,50.09,22.0,99.0,0.0,0.0,525.0
2025-08-27 13:00:00,20580.7,-277.501,-5443.64,28460.3,0.0,35.5,49.96,22.0,99.0,0.0,0.0,525.0
2025-08-27 13:01:00,20254.4,-181.696,-5386.46,27310.7,2.3,35.5,49.91,22.0,99.0,0.0,0.0,525.0
2025-08-27 13:02:00,20938.1,-212.941,-5298.14,27692.9,-1.5,35.5,49.88,22.0,99.0,0.0,0.0,525.0
2025-08-27 13:03:00,20187.7,189.261,1542.61,16108.1,5.6,35.5,50.0,22.0,99.0,0.0,0.0,525.0
2025-08-27 13:04:00,19483.3,217.159,3231.07,12516.6,3.7,35.5,50.2,22.0,99.0,0.0,0.0,525.0
2025-08-27 13:05:00,19223.8,138.436,3216.63,12716.7,2.8,35.5,50.32,22.0,99.0,0.0,0.0,525.0
2025-08-27 13:06:00,18486.1,89.3467,2947.9,12683.1,-17.2,35.5,50.17,22.0,99.0,0.0,0.0,525.0
2025-08-27 13:07:00,17611.2,-448.087,-5093.37,25547.8,-0.4,35.5,49.92,22.0,99.0,0.0,0.0,525.0
2025-08-27 13:08:00,17166.9,-142.632,-5087.52,23291.7,0.8,35.5,49.98,22.0,99.0,0.0,0.0,525.0
2025-08-27 13:09:00,16386.6,-212.842,-4916.88,22972.3,-4.9,35.5,49.77,22.0,99.0,0.0,0.0,525.0
2025-08-27 13:10:00,16007.5,410.746,-1302.34,13286.2,14.3,35.5,50.24,21.0,99.0,0.0,0.0,525.0
2025-08-27 13:11:00,16266.9,570.406,3924.81,4561.47,8.8,35.5,50.69,21.0,99.0,0.0,0.0,525.0
2025-08-27 13:12:00,17895.9,395.999,3709.17,6577.55,7.2,35.5,51.19,21.0,99.0,0.0,0.0,525.0
2025-08-27 13:13:00,32838.2,351.366,3671.98,3406.26,6.5,35.6,52.03,21.0,99.0,0.0,0.0,525.0
2025-08-27 13:14:00,47821.0,97.847,-1677.24,-18885.3,2.3,35.6,52.18,21.0,99.0,0.0,0.0,525.0
2025-08-27 13:15:00,44822.9,173.57,-5196.12,-18629.0,1.9,35.6,53.12,22.0,99.0,0.0,0.0,525.0
2025-08-27 13:16:00,46939.6,42.7279,-5149.1,-14367.3,0.8,35.6,53.27,23.0,99.0,0.0,0.0,525.0
2025-08-27 13:17:00,46714.4,26.7669,-5103.12,-14343.1,0.3,35.5,53.4,25.0,99.0,0.0,0.0,525.0
2025-08-27 13:18:00,46521.5,-64.8801,2387.64,-21669.9,-2.4,35.6,52.57,26.0,99.0,0.0,0.0,525.0
2025-08-27 13:19:00,47124.0,-106.827,2991.32,-21066.4,-2.1,35.6,52.13,27.0,99.0,0.0,0.0,525.0
2025-08-27 13:20:00,48527.6,-48.6258,2775.22,-20151.1,-2.4,35.6,51.99,27.0,99.0,0.0,0.0,525.0
2025-08-27 13:21:00,49388.9,-332.147,693.14,-14799.8,-15.4,35.6,50.9,27.0,99.0,0.0,0.0,525.0
2025-08-27 13:22:00,48415.6,-214.217,-5769.76,-9158.36,-3.7,35.6,50.71,27.0,99.0,0.0,0.0,525.0
2025-08-27 13:23:00,47891.1,-288.864,-5828.82,-9577.3,0.4,35.6,50.49,27.0,99.0,0.0,0.0,525.0
2025-08-27 13:24:00,47225.0,-154.625,-5727.16,-10915.1,-0.2,35.6,50.26,27.0,99.0,0.0,0.0,525.0
2025-08-27 13:25:00,39922.2,61.0909,-622.491,7438.05,2.6,35.6,50.33,27.0,99.0,0.0,0.0,525.0
2025-08-27 13:26:00,43725.3,105.491,2896.14,-26240.8,2.5,35.6,50.46,27.0,99.0,0.0,0.0,525.0
2025-08-27 13:27:00,42679.1,112.632,2696.14,-21884.7,1.8,35.6,50.68,27.0,99.0,0.0,0.0,525.0
2025-08-27 13:28:00,36495.6,87.3309,3108.45,23586.6,0.5,35.6,50.82,27.0,99.0,0.0,0.0,525.0
2025-08-27 13:29:00,34036.4,-420.608,-4294.82,-16433.9,-3.5,35.6,50.22,27.0,99.0,0.0,0.0,525.0
2025-08-27 13:30:00,34492.1,-232.486,-5704.02,-23407.6,-4.0,35.6,49.98,26.0,99.0,0.0,0.0,525.0
2025-08-27 13:31:00,38218.9,-231.07,-4343.14,-21092.6,-3.0,35.6,49.95,26.0,99.0,0.0,0.0,525.0
2025-08-27 13:32:00,49225.2,138.389,-41.3793,-9105.62,17.2,35.6,50.27,26.0,99.0,0.0,0.0,525.0
2025-08-27 13:33:00,46161.7,393.334,10681.9,18159.6,1.4,35.7,50.34,26.0,99.0,0.0,0.0,525.0
2025-08-27 13:34:00,42747.0,337.634,9673.36,26105.6,7.9,35.7,50.9,26.0,99.0,0.0,0.0,525.0
2025-08-27 13:35:00,33429.4,4.48462,7635.53,22958.2,0.4,35.7,50.83,26.0,99.0,0.0,0.0,525.0
2025-08-27 13:36:00,28543.8,-34.4551,4000.66,15027.1,-15.6,35.7,50.49,26.0,99.0,0.0,0.0,525.0
2025-08-27 13:37:00,27869.3,-412.438,-4434.3,-27817.7,-6.0,35.7,50.22,26.0,99.0,0.0,0.0,525.0
2025-08-27 13:38:00,30397.0,-145.297,-3883.33,-16295.5,-12.7,35.7,50.03,26.0,99.0,0.0,0.0,525.0
2025-08-27 13:39:00,30552.1,-206.92,-3437.96,-28946.5,-12.8,35.7,49.84,26.0,99.0,0.0,0.0,525.0
2025-08-27 13:40:00,32555.2,344.5,2297.38,-4008.97,14.8,35.7,50.5,26.0,99.0,0.0,0.0,525.0
2025-08-27 13:41:00,40957.8,503.01,11647.0,21541.8,-0.2,35.7,50.97,26.0,99.0,0.0,0.0,525.0
2025-08-27 13:42:00,36255.8,423.404,8128.79,19953.8,6.3,35.7,51.91,26.0,99.0,0.0,0.0,525.0
2025-08-27 13:43:00,37762.2,224.38,9195.46,21503.0,3.0,35.7,52.72,26.0,99.0,0.0,0.0,525.0
2025-08-27 13:44:00,42890.6,-50.1288,4968.34,-3213.1,-1.0,35.7,52.27,26.0,99.0,0.0,0.0,525.0
2025-08-27 13:45:00,47165.5,-40.5953,1563.11,-19518.2,10.3,35.7,52.27,26.0,99.0,0.0,0.0,525.0
2025-08-27 13:46:00,49980.5,78.9363,2140.29,-19853.1,-0.8,35.7,52.36,26.0,99.0,0.0,0.0,525.0
2025-08-27 13:47:00,52961.8,90.8975,5093.46,-15871.7,3.8,35.8,53.13,26.0,99.0,0.0,0.0,525.0
2025-08-27 13:48:00,54170.6,11.9321,18890.9,-7690.0,2.5,35.8,52.97,27.0,99.0,0.0,0.0,525.0
2025-08-27 13:49:00,55143.9,-11.4538,19105.3,-18654.8,0.0,35.8,52.75,28.0,99.0,0.0,0.0,525.0
2025-08-27 13:50:00,45021.5,-25.5822,15180.6,21283.5,1.8,35.8,52.64,28.0,99.0,0.0,0.0,525.0
2025-08-27 13:51:00,23504.7,-194.69,2936.63,9171.89,-11.0,35.8,51.52,28.0,99.0,0.0,0.0,525.0
2025-08-27 13:52:00,32292.4,-198.709,-2253.62,1122.93,-1.0,35.8,51.25,28.0,99.0,0.0,0.0,525.0
2025-08-27 13:53:00,47879.5,-58.7655,2092.46,-20085.3,-2.0,35.8,51.18,28.0,99.0,0.0,0.0,525.0
2025-08-27 13:54:00,31577.8,-280.279,-3262.81,-18404.3,-5.3,35.8,50.59,28.0,99.0,0.0,0.0,525.0
2025-08-27 13:55:00,25870.5,73.7207,2032.81,12208.3,-2.6,35.8,50.75,27.0,99.0,0.0,0.0,525.0
2025-08-27 13:56:00,25640.5,-10.9484,5488.98,19147.2,-0.7,35.8,50.81,27.0,99.0,0.0,0.0,525.0
2025-08-27 13:57:00,27457.7,142.129,6363.33,18542.8,-5.2,35.8,51.01,27.0,99.0,0.0,0.0,525.0
2025-08-27 13:58:00,25290.3,140.584,6017.19,16601.3,-1.7,35.8,51.33,27.0,99.0,0.0,0.0,525.0
2025-08-27 13:59:00,25815.2,-369.714,-1008.53,-2861.6,-4.5,35.8,50.66,27.0,99.0,0.0,0.0,525.0
2025-08-27 14:00:00,23522.5,-284.017,-3809.7,28803.1,-11.2,35.8,50.25,27.0,99.0,0.0,0.0,525.0
2025-08-27 14:01:00,23339.6,-271.561,-3726.22,29542.6,-11.2,35.8,49.94,27.0,99.0,0.0,0.0,525.0
2025-08-27 14:02:00,23204.2,-71.0717,-2812.4,26315.4,29.5,35.8,50.37,27.0,99.0,0.0,0.0,525.0
2025-08-27 14:03:00,22531.1,679.592,5069.19,9119.71,9.4,35.9,50.98,27.0,99.0,0.0,0.0,525.0
2025-08-27 14:04:00,21944.0,278.929,5033.81,10312.4,0.2,35.9,51.37,27.0,99.0,0.0,0.0,525.0
2025-08-27 14:05:00,21984.2,60.6541,5394.24,13554.7,1.4,35.9,51.53,27.0,99.0,0.0,0.0,525.0
2025-08-27 14:06:00,22136.8,-122.423,2964.68,18442.8,-12.0,35.9,51.03,27.0,99.0,0.0,0.0,525.0
2025-08-27 14:07:00,22742.8,-365.045,-3273.0,29292.1,0.2,35.9,50.5,27.0,99.0,0.0,0.0,525.0
2025-08-27 14:08:00,23542.5,-188.533,-3559.47,28715.0,2.0,35.9,50.33,26.0,99.0,0.0,0.0,525.0
2025-08-27 14:09:00,24547.4,-216.231,-3454.52,29845.5,-8.3,35.9,50.02,26.0,99.0,0.0,0.0,525.0
2025-08-27 14:10:00,25548.0,472.529,1989.81,17133.2,16.6,35.9,50.9,26.0,99.0,0.0,0.0,525.0
2025-08-27 14:11:00,26282.0,123.419,5602.43,16569.4,0.5,35.9,50.77,26.0,99.0,0.0,0.0,525.0
2025-08-27 14:12:00,28366.1,363.201,5654.98,16536.9,7.4,36.0,51.68,26.0,99.0,0.0,0.0,525.0
2025-08-27 14:13:00,33645.4,272.714,8117.48,20033.9,3.3,36.0,52.68,26.0,99.0,0.0,0.0,525.0
2025-08-27 14:14:00,43914.6,9.1024,1928.19,-21392.6,4.1,36.0,52.7,26.0,99.0,0.0,0.0,525.0
2025-08-27 14:15:00,55083.1,52.3596,5470.0,-17517.5,-1.4,36.0,52.67,27.0,99.0,0.0,0.0,525.0
2025-08-27 14:16:00,55917.3,-29.4463,5531.96,-15776.5,0.2,36.0,52.65,27.0,99.0,0.0,0.0,525.0
2025-08-27 14:17:00,52260.8,14.0682,7613.14,-11888.2,3.8,36.0,52.85,27.0,99.0,0.0,0.0,525.0
2025-08-27 14:18:00,51822.4,36.5365,18830.4,12241.0,0.0,36.0,52.91,27.0,99.0,0.0,0.0,525.0
2025-08-27 14:19:00,50582.9,18.1091,18292.3,15467.7,1.6,36.0,53.07,28.0,99.0,0.0,0.0,525.0
2025-08-27 14:20:00,49797.1,-8.28554,17971.4,15038.5,1.5,36.0,52.91,29.0,99.0,0.0,0.0,525.0
2025-08-27 14:21:00,37371.9,-262.815,7306.71,1576.72,-11.0,36.0,51.44,29.0,99.0,0.0,0.0,525.0
2025-08-27 14:22:00,29115.6,-306.315,-3460.42,-22130.8,0.0,36.0,51.08,29.0,99.0,0.0,0.0,525.0
2025-08-27 14:23:00,34681.3,-167.899,-1814.47,-27834.5,-1.9,36.0,50.8,29.0,99.0,0.0,0.0,525.0
2025-08-27 14:24:00,27022.8,-273.845,-3483.11,-7357.46,-12.5,36.0,50.28,29.0,99.0,0.0,0.0,525.0
2025-08-27 14:25:00,21841.5,184.832,3634.83,16005.3,3.5,36.0,50.69,29.0,99.0,0.0,0.0,525.0
2025-08-27 14:26:00,18747.7,5.23596,5089.51,12455.8,0.0,36.0,50.76,29.0,99.0,0.0,0.0,525.0
2025-08-27 14:27:00,17251.1,89.3764,5059.64,10192.0,2.6,36.0,50.88,29.0,99.0,0.0,0.0,525.0
2025-08-27 14:28:00,16884.9,-74.9209,3922.12,12455.1,-40.5,36.0,50.28,29.0,99.0,0.0,0.0,525.0
2025-08-27 14:29:00,18111.9,-404.957,-4074.83,25404.7,-6.4,36.0,50.2,29.0,99.0,0.0,0.0,525.0
2025-08-27 14:30:00,26461.0,-208.65,-3521.84,3065.3,-11.6,36.0,49.95,29.0,99.0,0.0,0.0,525.0
2025-08-27 14:31:00,29151.2,-259.445,-3302.67,-17556.3,-2.5,36.0,49.84,28.0,99.0,0.0,0.0,525.0
2025-08-27 14:32:00,27219.4,477.209,1860.7,-1322.89,15.5,36.0,50.54,28.0,99.0,0.0,0.0,525.0
2025-08-27 14:33:00,27515.7,553.243,5376.86,13469.9,10.9,36.0,51.18,28.0,99.0,0.0,0.0,525.0
2025-08-27 14:34:00,28289.7,379.149,5672.18,14735.9,5.9,36.0,52.03,28.0,99.0,0.0,0.0,525.0
2025-08-27 14:35:00,24419.2,210.556,5965.83,14032.5,2.4,36.0,52.9,28.0,99.0,0.0,0.0,525.0
2025-08-27 14:36:00,21237.5,-432.035,-2977.42,26588.2,-4.9,36.0,51.07,28.0,99.0,0.0,0.0,525.0
2025-08-27 14:37:00,20137.9,-247.62,-3624.72,25924.8,-2.9,36.1,50.71,28.0,99.0,0.0,0.0,525.0
2025-08-27 14:38:00,24690.9,-238.16,-3409.04,17774.3,-9.7,36.1,50.36,28.0,99.0,0.0,0.0,525.0
2025-08-27 14:39:00,31314.4,148.804,439.241,6180.38,18.0,36.1,50.94,28.0,99.0,0.0,0.0,525.0
2025-08-27 14:40:00,29004.2,499.097,6348.47,14520.4,7.5,36.1,51.89,28.0,99.0,0.0,0.0,525.0
2025-08-27 14:41:00,36049.9,254.77,10199.0,20565.4,3.0,36.1,52.84,28.0,99.0,0.0,0.0,525.0
2025-08-27 14:42:00,44845.7,37.3771,14418.6,27981.1,-1.3,36.1,52.73,29.0,99.0,0.0,0.0,525.0
2025-08-27 14:43:00,44929.6,-39.5448,10383.0,5865.6,-2.3,36.1,52.49,30.0,99.0,0.0,0.0,525.0
2025-08-27 14:44:00,46377.9,-75.6677,2783.84,-21981.4,-2.1,36.1,52.13,30.0,99.0,0.0,0.0,525.0
2025-08-27 14:45:00,47750.7,-57.0336,3670.69,-21677.5,-0.8,36.1,51.88,30.0,99.0,0.0,0.0,525.0
